Best individual,Fitness value
"[0.35379872687456687, 0.3159113163299528, 0.5047157885715049, 0.42030074993287847, 0.30492075468636265, 0.16251943424791837, -0.21206767988213188, -0.03976682903227869, -0.012003761464844333, 0.0032273702519628185, 0.12463790443298128, 0.06904753846756376, 0.3629158908198238, 0.11278286928862549, -0.09992602353205075, -0.28771881315352005, 0.47929107748463134, 0.3280220075787912, 0.10541210534266553, -0.13369504669830862]","(89.38460610524199,)"
"[0.021247140381956877, -0.586294281088422, 0.347346860299513, -0.21161912721900553, 0.021374464649528038, -0.4708547334042775, 0.18947799473784177, 0.028074626545508057, -0.30711781934890825, 0.3095443314756448, 0.47897278411904454, 0.1323685854874051, -0.06813169507522199, 0.19737345474211526, 0.33787348907147424, 0.3736345860880579, 0.263378790176583, 0.5493422562351854, 0.5688254334827872, 0.5102941469311706]","(169.73415887541657,)"
"[-0.8953934378934169, 0.7540796207455702, 0.5447868657346586, 0.24942654443860984, -0.10915553273332558, 0.4060827989706954, 0.3961826546110369, 0.2743817065963353, 0.29105726038377333, 0.13052992659175042, -0.04683976643749983, 0.1335383452840139, 0.10599963346037428, -0.15692222509927328, -0.10188657059001816, -0.08964402064489996, -0.06415289693741855, 0.05662068865429796, -0.046384126630649385, -0.15091591171485466]","(59.959570658615206,)"
"[-0.09490066890770942, -0.12570135009490974, -0.14917624681246167, 0.10859764004215901, 0.14048879701201092, -0.05371767020024653, 0.31069508675782553, 0.1855747522455549, 0.10451131107159656, -0.09065090587805759, -0.1514860195240459, 0.048663024378925765, -0.053394059567265256, -0.18556995849048383, 0.27772237815384965, 0.10936041040472311, -0.4112589085658356, 0.5405342743611344, 0.2598600092955436, 0.20433193732613275]","(83.82154267181505,)"
"[0.29103844048464533, 0.06339467952523901, 0.33592258378967177, 0.609138219496863, 0.34994318367950117, -0.20199459405698536, 0.2803335158214901, -0.06553908660775724, 0.10178449120592041, 0.09730524702887565, 0.3380481048996565, 0.5011014040093534, 0.35478601095456436, 0.2356759519362257, 0.06464422602095415, -0.36910136919225794, 0.1294974777834081, 0.008493414385616323, 0.5474315360074222, 0.4524466506010675]","(143.57144841374142,)"
