Best individual,Fitness value
"[-0.8157076790687243, 0.6977402317061606, 0.5138866095592451, 0.26395016918812453, 0.053918858407645764, 0.01581942993673789, -0.010247077656999897, -0.0014957036700003208, 0.01927643904086556, 0.02756746417985491, 0.046314776910794074, 0.002430980866418496, -0.029554940839300544, -0.043279822583297156, 0.002683244797745388, 0.025509841967216264, 0.011147032835026167, 0.04059979950410994, 0.08158652402422432, -0.009103989429104759]","(20.435463313067288,)"
"[0.9376820698045437, 0.8829982871137745, 0.7811472507485027, 0.6161284360314787, 0.39407735135510147, 0.17818339097317548, 0.041086706771577025, 0.008321240416864389, 0.015402410057971414, 0.013100313492974951, 0.010480575838136651, 0.01125183128105103, 0.0041845149949681386, 0.008154387738648497, 0.007847661395867435, -0.001963699446736541, 0.011928918379001301, 0.010247955979907433, 0.014828919701857344, -0.0011309657611645613]","(14.164314177962094,)"
"[-0.9665795707483762, 0.9532441869137308, 0.9330309794035688, 0.9476017411219533, 0.9645529901591102, 0.9646276623034191, 0.9614913588206915, 0.9663802800375386, 0.9610390566123556, 0.9603714446609231, 0.9412545668012771, 0.9370899819274474, 0.9338721970383047, 0.9082980238142779, 0.845498333309533, 0.7406402892397501, 0.5622597140608233, 0.31615817240558547, 0.08392645017773716, 0.03816418105491025]","(8.214146590733442,)"
"[0.6696089398533004, 0.4447601411523616, 0.20504310598776962, 0.046481215518920024, 0.015495768738572826, 0.011404558836257465, 0.017419552077734, 0.008958037853205267, 0.012015212580257083, 0.012456121020816236, 0.00974131225088751, 0.015835856771003288, 0.0072183056278617005, 0.009425708583694056, 0.00900064992570046, -0.0036630057965890577, 0.007916124959202745, 0.009086582564179851, 0.007512629802133698, 0.009219598271403173]","(16.851590425446254,)"
"[0.513969353473103, 0.266109131456106, 0.06983274243917151, 0.016010798632161403, 0.011583388992409377, 0.0027859610509046494, 0.0077630783768355026, 0.008737916208331553, 0.009836418770478635, 0.009930856675404366, 0.011014875886398233, 0.009710079609244585, 0.011406296210414193, 0.013245108452439197, 0.008606959283247192, 0.009606954808069562, 0.014216872814113317, 0.012867192581062892, 0.012782077690167582, 0.00011526009993747295]","(17.480130937422825,)"
