Best individual,Fitness value
"[0.45217443304428173, 0.19840403908540277, 0.018607658508029753, 0.009155421345370911, 0.003662710967400326, 0.016224485646196166, 0.015453268744828755, 0.00901236278755681, 0.011099871506930186, -0.006092138477156235]","(7.906236368434108,)"
"[0.6766996695330856, 0.4646256954325369, 0.2173292914244092, 0.04915222595020245, 0.012473418357916757, 0.006534026838656415, 0.014350132924897703, 0.017673581282311262, 0.008801541217736053, -0.0004860935324748357]","(6.866439589008335,)"
"[-0.988166879642321, 0.9860036030959418, 0.9765310113911072, 0.9561167954712949, 0.9133445276319379, 0.8327358697441495, 0.7011147814092324, 0.496075219600086, 0.24556049685393364, 0.05956536125427335]","(4.923275422625612,)"
"[0.4727027216322773, 0.21787008031389118, 0.01670495205343843, 0.010441893232382982, 0.012906401629044904, 0.009154961573625801, 0.009951547111007984, 0.01806416862352109, 0.013091675456138586, -0.004034275723066314]","(7.902978196578262,)"
"[0.5061502080417324, 0.2512906195890974, 0.07332409789039356, 0.011584240793303594, 0.009412366113735424, 0.015021234844139511, 0.013233242053973707, 0.012685986177785314, 0.014620096687467046, -0.0021148606565432287]","(7.612602784580881,)"
