Best individual,Fitness value
"[0.1287556325205006, 0.03090205753611654, 0.008412469459288056, 0.021676848335176878, 0.002884891605355871, 0.006213626497248969, 0.015676146789274207, 0.002749580613442905, 0.004446292718003507, -0.007549538092752269]","(8.684933744969282,)"
"[0.22575693472175642, 0.05182606045294916, 0.016829109118629185, 0.008917332002672466, 0.01369388767935104, 0.04589366856976308, 0.010593225068892757, 0.007658559865010832, 0.003620683502978742, 0.006896937036460407]","(8.560790767157105,)"
"[0.4325028837233167, 0.16770090604426377, -0.02283316581763295, 0.03812973845055866, 0.021142189645340512, -0.04523392111103981, 0.0420292478970129, 0.03205910706161945, 0.08423298956981531, 0.12552542844020226]","(10.762600675234136,)"
"[0.04612553750446052, 0.008039717619331721, 0.08777160521708587, 0.0954815155810667, 0.07728276797109729, 0.009441277084358754, 0.1566228480624587, 0.023254904856575016, 0.04849355173010333, -0.015482812354961942]","(12.668769204477558,)"
"[-0.12634064240046053, -0.08173673528353495, 0.03944503674732061, 0.1091737525118882, -0.09383424418969473, 0.1454914157900926, 0.19515892758807019, 0.14009696426517873, 0.09375038613369692, 0.09663835283231538]","(18.88596028933589,)"
