Best individual,Fitness value
"[0.6963625068015347, 0.48726335538258103, 0.23611944650010327]","(0.3558139760992023,)"
"[0.6388912496981428, 0.4125145425673677, 0.16935772785652517]","(0.47748145393445984,)"
"[0.7556182913286701, 0.5700090587611684, 0.3242856498502006]","(0.24474389049532813,)"
"[0.7544463150778616, 0.5700568076996099, 0.32560939965840563]","(0.24526458326316047,)"
"[0.7259934932615117, 0.529746136260531, 0.27988186701133727]","(0.2969923945009691,)"
