Best individual,Fitness value
"[0.6481378401219847, 0.41865327922204404, 0.17473015671098463]","(0.4620045066545045,)"
"[0.5058256251064549, 0.272132266815227, 0.09171909578097812]","(0.8316784376796612,)"
"[0.8514420203401211, 0.7247747194093752, 0.5246900197004419]","(0.09785863706346078,)"
"[0.029627467044391204, 0.018811191301519502, 0.0025565070892783225]","(1.9370001957344103,)"
"[0.7646312085344245, 0.5852963008728759, 0.3417088844361152]","(0.2274924567826293,)"
