Best individual,Fitness value
"[0.48509471759625583, 0.23687232181149795, 0.056758685388561145]","(0.847775515934551,)"
"[0.734808842159045, 0.539761500442773, 0.2869716918137375]","(0.2840595351698165,)"
"[0.6348451724827261, 0.40708140438671053, 0.16587790211943612]","(0.4865358441205424,)"
"[0.6636488223727914, 0.4412530447440438, 0.19503894268562583]","(0.42540925652185063,)"
"[0.5970817398319002, 0.3544065920698573, 0.11876916740557611]","(0.5842465158569186,)"
