Best individual,Fitness value
"[-0.000820488929267808, -0.0012841226965967286, 0.0008613788551559326, 6.798586616968243e-05, 0.0002630976373738014]","(0.0006225498009104768,)"
"[-0.00010430146301641623, 0.00017931304038887818, -0.00021339894496360656, 0.0011654689314042344, -0.0005760683981911171]","(0.00035288740510353023,)"
"[-0.0003495552202115793, -0.0011232364725710063, -0.0014264305476278496, -0.0008406506359635501, -0.0003729278579979779]","(0.0008460036394168924,)"
"[0.0023317389938920094, 0.001213748819287772, -0.001044584042567092, -0.00043757676338556034, -0.0018433141552455182]","(0.002299460238681661,)"
"[-0.00039932890817353264, -0.001071280588538781, 0.0012343945525570641, 0.0019685895868175743, -0.0009144736794668143]","(0.001496348361555988,)"
