Best individual,Fitness value
"[3.0237628696611063e-05, -0.002702018714585641, 3.368989960475608e-05, 0.0002915846488779308, 0.0003148574946548969]","(0.0014853490198944996,)"
"[0.0010696535752636955, -0.0004551196861217119, 0.001381957115071707, 0.00023611973550243318, 0.0012192149306631695]","(0.0009529391242946161,)"
"[0.00018579245592950492, -0.0022201255534807706, -0.0002576838298955157, -0.0005121865253170594, 0.0005025359233429222]","(0.0011000195875556784,)"
"[0.00046041778428780036, -0.00020930423848143577, -0.00030750267142022267, -0.00017596202171031496, -0.0005073840685485302]","(0.00012672324711715532,)"
"[0.00042934072787485095, 0.00027139786116891704, 0.0001434353683278239, -0.00131618951881215, 0.0006183563129903268]","(0.0004748064101374183,)"
