Best individual,Fitness value
"[-9.403016880355798e-05, -0.0002450283551955583, -0.00041075635563952404, 0.0005444279941339107, -7.741573237249333e-05]","(0.00010713093290526388,)"
"[0.001675034738785022, 0.0031920424815891644, 0.0010721501102239823, 0.002203517558518154, 0.0034020600100034193]","(0.006065441073102917,)"
"[-0.9958338129100934, -0.0008857442317907372, 0.0054655717489178295, -0.0003414394861109701, 0.00010426282159991916]","(1.0012177596533007,)"
"[0.00013819256895262338, 0.0006259420740600788, -0.0007812360550701215, -0.0004287951469191605, 8.628217059757515e-05]","(0.00024055804425238136,)"
"[-0.0007212553115599694, 0.0008227002713500327, 1.8034400669907948e-05, -0.0037877705397895214, 0.011449032022834572]","(0.029077931934500256,)"
