Best individual,Fitness value
"[0.9829070449754256, 0.9648211422285449, 0.9305869613119094]","(0.0017034512602865535,)"
"[0.8804268718641131, 0.7720271946807598, 0.5971549055717121]","(0.06737289194000523,)"
"[0.8789150267124083, 0.7853943736256596, 0.6283645137746756]","(0.09063672152057026,)"
"[0.9894506145550004, 0.9705334438726729, 0.9468174261209975]","(0.010552685065718957,)"
"[0.7841873760934684, 0.6142013852446297, 0.3753573970383467]","(0.19582735706276838,)"
