Best individual,Fitness value
"[0.8756758416383436, 0.7654046185905989, 0.5820479589410048]","(0.07212965520649496,)"
"[0.9130497118180472, 0.836685949317334, 0.6949341251582061]","(0.03775805034852355,)"
"[0.9761753645869924, 0.9544349039133649, 0.9118687185717296]","(0.002958930683581754,)"
"[0.8238810024691267, 0.6787620675685816, 0.4638040194245362]","(0.13516412827011282,)"
"[0.8444364724031608, 0.7259510609610524, 0.5274592227299639]","(0.11590802805493239,)"
