Best individual,Fitness value
"[0.8540203944356356, 0.7300083680863816, 0.5321562359387433]","(0.09430591244534178,)"
"[0.8527877295787214, 0.7264211214922668, 0.5273201047161726]","(0.09659855691932445,)"
"[0.8285263995571026, 0.6880544024915733, 0.47289288323402423]","(0.12699640741913068,)"
"[0.8057321555703474, 0.6412530095340253, 0.41068054437953494]","(0.17278926060018346,)"
"[0.739017640727917, 0.5624602102633262, 0.3085847831582216]","(0.2922124172104125,)"
