Best individual,Fitness value
"[0.2166426142013319, 0.06152478234493938, 0.012870462656768049, 0.020203318135240834, 0.032807920511516236, 0.04329426156287755, 0.033375302507204926, 0.011176394318753924, -0.014904721479226266, 0.008626873522598184, 0.015096693403706007, -0.012086116955941167, -0.005495618915627332, 0.00881037277925685, 0.026333059815699278, 0.027519737843955748, 0.0036805825061745345, 0.013050924466421865, 0.004754840679423972, -0.03488000965272556]","(18.86656252741551,)"
"[0.9109439315918668, 0.8927741219220097, 0.8675594294297518, 0.8536559105883559, 0.8634151091052683, 0.9017091652233324, 0.9774373016257488, 0.982339331114216, 0.96741739726635, 0.9350899817293908, 0.8567581162612202, 0.6753453095273207, 0.4435613894087892, 0.2019443360185229, 0.03686594851012502, 0.014653511704485894, -0.0021356640273461625, 0.02615297773655794, 0.011686245418186126, -0.0360463127051031]","(15.56117005172666,)"
"[-0.8354135227570277, 0.7008770001059157, 0.5459808502336676, 0.26559020612681855, 0.07658674607699599, -0.008011850258469871, -0.007698088394116315, 0.1630127351094745, 0.07306307150600372, 0.021295230698074798, -0.0019464388678807343, -0.0010074310362114258, 0.023674119704052865, 0.0004201079614291267, 0.0296895241785875, 0.0245624600110943, 0.003517940157468369, -0.07954331913095877, 0.028259047846156245, 0.01510585327560817]","(22.7950147070776,)"
"[0.5315995182055054, 0.290709280623056, 0.10064004274908651, -0.007212917700917532, 0.015818612972200247, 0.01745760642769508, 0.05810729832403426, 0.02004753244414416, 0.0018402522520764297, -0.01485953269042925, 0.025994125708393663, 0.01408110024225423, 0.0047696379602240255, -0.004744417308667869, 0.020795686807381232, 0.03571029635726121, 0.01651173591752266, 0.02051135703660112, 0.018811471333130436, 0.018469009426510016]","(17.940856785253533,)"
"[0.5776949972613329, 0.31522975086409466, 0.1402641133629106, 0.058237610125172236, 0.01057581736441884, 0.008844711475400141, -0.0110289810562101, 0.016021767071728643, 0.017075348521506828, 0.166631008639937, 0.50497224160625, 0.6459410095058655, 0.7008385267192203, 0.6966108166235494, 0.6108333361912747, 0.39580147824876, 0.20928696830896182, 0.005828663521521241, -0.057726167954104096, 0.005258980279721548]","(67.58515793694325,)"
