Best individual,Fitness value
"[0.27130210046751985, 0.09810164833999205, 0.06287041318331718, 0.01552697609911366, 0.10583491768841247, 0.01801758225098256, 0.029124446400183412, 0.012831279135029128, 0.011959368543720754, -0.037875155928901005, 0.004253484930033677, -0.005757822298845635, 0.006551629331519759, 0.036020448894485496, 0.0995117096668385, 0.031685745134162745, 0.015631050711639623, -0.014796454334109393, 0.03221118099448925, 0.0098436616373914]","(20.565652495826665,)"
"[-0.8309938310077828, 0.6784812849848717, 0.4885307407897798, 0.2943765611425603, 0.08118830736864002, 0.03628974778235225, 0.006909710627047594, -0.011016612558519712, -0.033640963049480666, 0.029083614550486317, 0.006982619744264763, 0.04233813797137439, 0.027646536105058683, 0.030422569905216745, 0.012371992705933362, 0.001327765406152294, -0.034913407401157226, 0.017245033891771865, 0.009150374561658292, -0.019050695231538198]","(20.03382298385926,)"
"[0.9781655489697392, 0.9871252557033919, 1.0233739871364023, 1.023113952943762, 1.0414258281459903, 0.9397957399203123, 0.9092763244365407, 0.80166943622347, 0.5832273688544908, 0.3851613636584206, 0.1269217944538112, 0.054037827606078837, 0.01984362419640441, -0.003201912875365521, 0.02246993934422034, 0.011381135092568752, 0.031054455905288582, 0.056736232932153546, 0.04172066106477362, -0.05035381283943015]","(13.19445365957879,)"
"[-0.8882633285566169, 0.772002152043191, 0.583888759735883, 0.40667766373208547, 0.21480165041008598, -0.011209164337348781, -0.015044650725413625, -0.024091895468448574, 0.006883080120643904, 0.0217257711173199, 0.007489595113453226, 0.047389104360873416, 0.013413571870358333, 0.11084284011731885, -0.01915744614063654, 0.03528618604266543, 0.00766847001237168, 0.020084276532907216, -0.004899169924335638, 0.009606294603776308]","(21.30997684343892,)"
"[0.7052154145947324, 0.6069568237533425, 0.4993255544772197, 0.30681320483889185, 0.15658521906058032, 0.11945633649367936, 0.05786897421165657, 0.012912279596521345, -0.0909954154766972, 0.29518407295923543, 0.5897525871362518, 0.7512197720821346, 0.8058864227614354, 0.7657802561548352, 0.6442668906015518, 0.4656418321444734, 0.21913980398591135, 0.03852029384221507, -0.013287725123401517, 0.042071970272464315]","(72.62552918630571,)"
