Best individual,Fitness value
"[0.7466199149275735, 0.6056680596178641, 0.35978712062947626, 0.14087643363059105, 0.010770000908969068, 0.020059171529309278, 0.29052488106070595, 0.5983863864328559, 0.7287139279734827, 0.7484546946803072, 0.7118883934923015, 0.7150955930572631, 0.7867251036814673, 0.7616773357010976, 0.7818565584256616, 0.7267190892259433, 0.6828732987362717, 0.5879723485374883, 0.4415540381106694, 0.20972669159615798]","(85.15457883460743,)"
"[0.29035041933660494, 0.0723968183900019, 0.004065266784789925, 0.009513323563874368, 0.008928513553492739, -0.022382878605405027, 0.02717856010876908, 0.022521392980528, 0.005148256125559775, 0.023385650734525837, 0.034130121272554804, 0.028385350995468905, 0.023351966030574604, 0.008558057858066365, 0.00022869130315622977, 0.03596734325949745, 0.026942947809718856, 0.023544966648520876, 0.02007879607408322, -0.018525504501776792]","(18.635278209536658,)"
"[0.6148413238813787, 0.3623210559304232, 0.12474645009203855, -0.024984649929991137, -0.007881868834220103, 0.00707046479444641, 0.10372927224802495, 0.039893319227878865, -0.029723051546897056, 0.03723588594132546, 0.0619571928670417, 0.004462135706621476, -0.010888345684443523, 0.010691143033009803, -0.005002632104970803, 0.0010169616844991902, -0.015068986507058624, 0.027909686349282127, 0.018514934597043564, -0.14145094496038071]","(21.033585104319304,)"
"[-0.7542462729482257, 0.5150379378496334, 0.2995942423580591, 0.10807890807940118, -0.02573776795479231, 0.0063273639137830795, 0.005301025186650037, 0.031160792478522006, -0.007109601507705211, 0.007192324931386911, -0.0319655036845229, -0.002769975766566131, -0.005892466801840225, -0.0023064141245409658, 0.0008804059399082978, 0.008886803448583919, 0.008797391739331988, -0.025291645755697565, -0.022044007796858694, -0.00010826273106490092]","(20.647309971958308,)"
"[-0.6884163184923544, 0.5090428716916293, 0.25326385165301496, 0.08026119339817062, 0.028616623923346823, 0.05125877780954868, -0.05506930232172866, -0.014487392393862673, 0.04486768307630348, 0.034222207579055475, 0.011840775113198546, -0.0008489578642412732, 0.029847247159145947, 0.00969263771943324, -0.011525250345986893, -0.0459898236288111, -0.015549155215815291, -0.029840417649173404, 0.014839880254086578, 0.06275669785668123]","(21.396097852213728,)"
