Best individual,Fitness value
"[0.9208410879079172, 0.8477280493952353]","(0.006270984800855728,)"
"[1.000002531203138, 1.0000050716418338]","(6.415507048119687e-12,)"
"[0.9562136048707294, 0.9141254130686662]","(0.001922046472738713,)"
"[0.8158459196939374, 0.6655487489019651]","(0.03391303683349344,)"
"[0.9976572674732918, 0.9953085629975332]","(5.501529641857299e-06,)"
