Best individual,Fitness value
"[0.8729825404204119, 0.7621327677905488]","(0.016133552357397617,)"
"[0.9993357886791202, 0.9986685985399252]","(4.4234631536076437e-07,)"
"[0.999999177126983, 0.9999983546710519]","(6.771373416403329e-13,)"
"[0.999999999995524, 0.9999999999910238]","(2.0092931360908284e-23,)"
"[0.9959830322549331, 0.99197540970746]","(1.6140641405201214e-05,)"
