Best individual,Fitness value
"[0.6781156571333345, 0.4578211707222297]","(0.10401743837911677,)"
"[0.9574774379465857, 0.9165366588176104]","(0.001813293316670102,)"
"[0.9849092657262054, 0.9699821407876474]","(0.00022814141023335714,)"
"[0.9816021209409962, 0.963520743523319]","(0.00033853026728368046,)"
"[0.759409449319732, 0.5757791164855051]","(0.05796911589163212,)"
