Best individual,Fitness value
"[1.8730667078634338, 0.1165779852953367, 0.8492424324654588, -0.006954431531459698, 0.7597727084331343, -1.0224384486268876, -0.8161484794728843, -0.045075745779155615, -1.0683532436222412, 0.05758538002704228]","(34.83110378138419,)"
"[1.1302562230888111, -1.0974375895588435, 0.09730418047853602, -0.8778877190491106, -0.18000968263663536, 0.015406328615266425, 0.04451655097282603, 1.1685301503335732, 0.8745949788445869, -0.11410914800794218]","(31.724673744590334,)"
"[-0.04838106248855443, 0.015115164682336868, 0.12503239999756116, -1.0059287366798513, 1.9680118135120284, 0.034501771381138635, 0.05061820251828113, -0.1062646660295722, 2.87461749957474, -1.9107314102932762]","(27.835793360549687,)"
"[-0.9897544608984851, 1.8833063075233434, -0.9916826991657371, 1.0273281346849403, 0.9211286672626661, -1.8852748623694615, 0.9493664758089975, -0.09595523413709563, 1.0193345695387608, 1.2282240488128464]","(31.842324022448942,)"
"[-2.9824354487430846, -1.004792849716702, 0.06614146711161879, 1.0929058324943595, 0.963516080425998, -0.08961311965908612, 0.6255098797677566, -1.101592028066669, 2.932154748854785, 0.03344458167267497]","(46.753275280411714,)"
