Best individual,Fitness value
"[0.9775302671959976, -0.9751940315738737, 0.03372499882175014, -0.04215825936867087, 0.10527677872880543, 1.0425313372089806, 0.04559133063734648, 0.9777121663028578, 0.9493806678176606, 0.9615820464978387]","(10.345480160514946,)"
"[0.23178762990396093, 0.07949672580854676, -0.10204116208480725, -1.8096445343433927, 0.9623757113654035, 0.9998807624103156, -0.8874445479921151, 1.0148145133212634, -1.0171900079236285, 0.9530394199531227]","(30.646948470942892,)"
"[0.08900865310878472, -0.039559421352766855, -0.15585587329060369, 0.9943645254705564, -0.9054697213127932, -0.9424622414348918, 0.07067488255435694, 0.03025784330817953, -0.872942384306387, -0.9609924378393009]","(17.51178699549827,)"
"[-1.0068028325804517, -1.0063123345012581, 0.9491586954447346, -0.9875692479130407, 0.048366603447231864, 0.032195232076882636, -1.921224156047717, 0.020606339808568706, -0.0048672549654203544, 0.9956335930014311]","(11.096516706287765,)"
"[0.909618237938342, -0.8612280151546214, -2.1907415071750944, -1.0432322389696456, -1.9893488479778754, -1.0099802865998646, -0.9728314593714597, -1.9006286920732296, -1.9559922435431374, -1.0410334017590304]","(36.552132747032715,)"
