Best individual,Fitness value
"[-0.9507144916593345, 1.9938707574047683, 0.900305678514134, -1.9186561271474352, -0.04624472166247984, -0.024216597888785097, -0.09646171342353148, 0.1516137906906875, 0.005987610238420637, 1.0042998773972653]","(20.60547619073204,)"
"[-1.0201380639487936, -0.9431537574086295, 1.0024733442079459, 0.07385828220458124, -0.03872995527258832, -0.08046525116555901, 0.004511141815817419, -0.9637236622920126, 1.032824044761017, -0.8875577225296877]","(11.91558663847297,)"
"[0.9047580620827765, 0.011645925141069324, 0.016754367027333628, -0.019081888357418298, 1.0476619210212879, -0.07539035130803463, -0.9642006981101378, -0.02808373149430591, 0.9495036498320039, -0.0032913019407971858]","(8.100950080771337,)"
"[-0.025639441893194528, 0.026957856321353616, -1.0388777553630466, 0.06824919985367381, 1.871103842438576, -1.0253881868954928, -0.9768709954312744, -2.0609285541295126, -0.9055230966931684, 0.059940293482933185]","(19.60992630988733,)"
"[-0.02500056560201193, 0.9500380058915466, 0.9607424293581365, 0.05772322731339615, -0.0074213475680127644, -0.8860699114341303, 0.9780331774756873, -2.9474373303154353, -1.039507685400941, 1.9508818449804977]","(22.590175665711584,)"
