Best individual,Fitness value
"[1.0000140573903047, 1.0000281322684261]","(1.976401173027969e-10,)"
"[1.083005699147165, 1.173209296997245]","(0.006899429572033753,)"
"[0.9653139852749181, 0.9317366446995412]","(0.0012040116121474636,)"
"[0.9999999723337989, 0.99999994458255]","(7.661420088788353e-16,)"
"[0.9999999601749399, 0.9999999202613906]","(1.5868184747168089e-15,)"
