Best individual,Fitness value
"[0.9301893043110684, 0.8650552314769662]","(0.004877410602258915,)"
"[0.9983464797617531, 0.9966937123998149]","(2.7345217145855298e-06,)"
"[1.0109638571342943, 1.0220628911639538]","(0.00012022857554318817,)"
"[0.956862661536117, 0.9154756655099946]","(0.0018620507192200575,)"
"[0.8331273561219033, 0.6932708138600935]","(0.027915431980452824,)"
