Best individual,Fitness value
"[1.000005819575963, 1.0000116682826192]","(3.395212691542161e-11,)"
"[1.0, 1.0]","(0.0,)"
"[1.0000797036681692, 1.0001598121759436]","(6.368553902995854e-09,)"
"[1.1652330984159536, 1.358477186724055]","(0.02735224676689895,)"
"[0.9999940589914996, 0.9999881180182932]","(3.5295582001544365e-11,)"
