Best individual,Fitness value
"[0.9493420500434614, 0.468196424214267, 49.0401527632485, 106.14797938516145]","(6257.659247523672,)","[-0.0028671017127652743, -0.0003533668528762912, -2.5852261390537024, -133.85202061483855]"
"[0.8352261103266305, 0.41369952996827847, 43.25916505159491, 162.76621938057644]","(5995.086294362161,)","[-0.00032422483084870724, -0.0010070953760630275, -4.770928466459736, -77.23378061942356]"
"[0.9012180201716763, 0.4453936641340906, 46.65188117163838, 127.34812983076924]","(6135.258387547734,)","[-0.0008367135590555685, -0.0003347177566604409, -25.19642735272646, -112.65187016923076]"
"[1.2071385032347572, 0.596390000774018, 62.513384062923905, 22.212123321710784]","(7097.147425024012,)","[-0.0006301908203258932, -1.2316813724044806e-05, -11.508816891815513, -217.78787667828922]"
"[0.9022435681527791, 0.44619535600344895, 46.74834088673763, 126.43695999163474]","(6133.946187165566,)","[-5.890387427820443e-07, -0.0002161839439719926, -17.418224449967965, -113.56304000836526]"
