Best individual,Fitness value,Design constraits
"[1.0614614002246037, 0.524857596869391, 54.99598503781653, 63.06779479981796]","(6568.471651454526,)","[-3.8888994744468164e-05, -0.0001958996086213194, -23.153537516016513, -176.93220520018204]"
"[1.2223973399390835, 0.6048022225424542, 63.33572048593845, 18.39198490787504]","(7164.789685048669,)","[-1.793456047138875e-05, -0.0005794491066013485, -8.153146537719294, -221.60801509212496]"
"[1.2462494342138846, 0.6166951370576244, 64.56544337394392, 12.872036963389863]","(7268.645483488877,)","[-0.00013637709676683762, -0.0007408072701993174, -5.187371776904911, -227.12796303661014]"
"[1.0249976169329553, 0.5071678117338626, 53.10662214752818, 75.4770977815238]","(6458.530475730269,)","[-3.980948566151277e-05, -0.0005306364464437996, -133.63152136839926, -164.5229022184762]"
"[0.9215636749298973, 0.4561834087938386, 47.74063567470707, 117.3481738609214]","(6182.038270326357,)","[-0.00016940640805074292, -0.0007377444571331493, -16.38569432660006, -122.6518261390786]"
