Best individual,Fitness value
"[1.0372326976151438, 0.512393935995348, 53.698475188584545, 71.46946465035244]","(6494.360044743102,)","[-0.0008521264754619562, -0.00011048269625146823, -28.52621584525332, -168.53053534964755]"
"[1.2225786406099297, 0.6058517134992024, 63.32139566801176, 18.457599018192447]","(7173.881868033437,)","[-0.0004757042173026971, -0.0017655988263701738, -7.895144319627434, -221.54240098180756]"
"[1.0185667646444292, 0.502985121692786, 52.71737869597367, 78.1605865665903]","(6439.54569672838,)","[-0.001121355812137237, -6.132893319710231e-05, -101.25829029665329, -161.8394134334097]"
"[1.091243315065671, 0.5388100555594151, 56.47575780676608, 54.04288749295272]","(6666.735359099299,)","[-0.0012611893950855713, -3.132608286660066e-05, -44.61401831707917, -185.95711250704727]"
"[0.9392149632997835, 0.4649318297429633, 48.62668759287238, 109.62969161972602]","(6228.270551500276,)","[-0.0007198927573465186, -0.0010332301069608252, -9.68158907443285, -130.37030838027397]"
