Best individual,Fitness value
"[1.2140247158547426, 0.6005871764877684, 62.898699876704065, 20.40844472330243]","(7129.313593427974,)","[-7.980823435405071e-05, -0.0005335796640115742, -4.926718291128054, -219.59155527669756]"
"[1.1087762075476235, 0.549642517718439, 57.42615791653551, 48.5262075914505]","(6735.620338769366,)","[-0.0004513597584880902, -0.0017969711946902445, -6.936217799782753, -191.4737924085495]"
"[0.8635558807668914, 0.4230991485719061, 44.33976769874913, 150.71193824161512]","(6082.623507441495,)","[-0.0077983641810331905, -9.776472583944429e-05, -7.905930716311559, -89.28806175838488]"
"[1.1339906965509996, 0.5605667790289666, 58.75581384258629, 41.15866902515977]","(6814.445650240545,)","[-3.4893890841214414e-06, -3.6314970693340776e-05, -40.5113801760599, -198.84133097484022]"
"[1.2040380230845362, 0.5959053651829203, 62.37680306924512, 22.857244626245667]","(7090.143915054068,)","[-0.00016572384810542573, -0.0008306639023217821, -14.220773321809247, -217.14275537375434]"
