Best individual,Fitness value,Design constraits
"[0.9644843204304885, 0.47657065856747727, 49.90479514448223, 99.11053039849189]","(6292.46110393717,)","[-0.0013217741419814244, -0.0004789128891168337, -64.28081056126393, -140.8894696015081]"
"[0.881715841839, 0.43544797264453794, 45.632841726869835, 137.2653929704253]","(6091.4682151207235,)","[-0.0010019965104121065, -0.00011066257019970438, -13.444524971069768, -102.7346070295747]"
"[1.0178416450442669, 0.5031223216039912, 52.72778201923014, 78.078755221304]","(6435.162684844947,)","[-0.00019545207312510193, -9.928114053558978e-05, -19.271485103061423, -161.921244778696]"
"[0.9119936541677706, 0.4526483273554044, 47.251819605754314, 121.76482862997179]","(6163.295534834335,)","[-3.353577671227903e-05, -0.0018659683165082597, -20.74576977151446, -118.23517137002821]"
"[1.1303145882618293, 0.5597232248338225, 58.562704651841806, 42.2024304472914]","(6807.136841296417,)","[-5.438848128247464e-05, -0.0010350224552516663, -6.978054285980761, -197.7975695527086]"
