Best individual,Fitness value,Design constraits
"[0.9129090687583652, 0.4522947961877136, 47.29184627171252, 121.40046230541365]","(6163.102485825185,)","[-0.00017643571431347205, -0.0011305827555761483, -32.23510887846351, -118.59953769458635]"
"[1.1403227479677018, 0.5646408556802149, 59.07877934495459, 39.43562318114588]","(6844.282049130466,)","[-0.00010230661007826214, -0.0010293007293481482, -156.08752995496616, -200.56437681885413]"
"[1.1030491328412126, 0.5454391571256542, 57.144762400297246, 50.14189054688984]","(6706.836684809538,)","[-0.00015521851547561916, -0.00027812382681846604, -62.96431776182726, -189.85810945311016]"
"[1.185896673828132, 0.5866022149410335, 61.44421420977784, 27.3431103398761]","(7014.107880840082,)","[-2.3339579419578982e-05, -0.0004244113797529092, -8.214895765297115, -212.6568896601239]"
"[1.0396445236839276, 0.5141914556641864, 53.84872629887619, 70.4736944506909]","(6502.647421299752,)","[-0.00036410611561699113, -0.00047460677290767084, -45.260466895764694, -169.5263055493091]"
