Best individual,Fitness value,Dimention,Number of elite members,Maximum absolute value a mutated gene can have,Probability for mutating an individual
"[0.9129090687583652, 0.4522947961877136, 47.29184627171252, 121.40046230541365]","(6163.102485825185,)",4,4,0.4,0.2
"[0.9215636749298973, 0.4561834087938386, 47.74063567470707, 117.3481738609214]","(6182.038270326357,)",4,8,0.4,0.2
"[0.881715841839, 0.43544797264453794, 45.632841726869835, 137.2653929704253]","(6091.4682151207235,)",4,16,0.4,0.2
