Best individual,Fitness value
"[0.9982511310112945, 0.9965336665999116]","(3.138892507314023e-06,)"
"[0.952752236599571, 0.9078306594199526]","(0.0022332316484629557,)"
"[1.0226739125358983, 1.0458206936841907]","(0.0005142763644533593,)"
"[0.9608475358896553, 0.9233979269047541]","(0.0015358033953797585,)"
"[0.992765779065171, 0.9856206755863622]","(5.246925514678965e-05,)"
