Best individual,Fitness value
"[1.046381739580155, 1.0927983119933378]","(0.0025991946026618887,)"
"[1.0611809496174458, 1.137857595870027]","(0.0175554411576381,)"
"[1.0275950833466674, 1.0569161080069052]","(0.0008545055237760561,)"
"[1.0166615794251648, 1.0332474486829406]","(0.00029009161785959554,)"
"[1.0528880764659512, 1.106733953106343]","(0.003135468907199585,)"
