Best individual,Fitness value
"[1.0145264297072263, 1.0284113359385738]","(0.0002836997136280759,)"
"[0.9429637349999895, 0.8887238915178562]","(0.003273994293595465,)"
"[0.9821904967403728, 0.9647904467202184]","(0.00031802987083736625,)"
"[1.0507850739854137, 1.1050986272742822]","(0.002669251338346432,)"
"[0.975935565160603, 0.9525551438963878]","(0.0005801977724078458,)"
