Best individual,Fitness value
"[0.3629738359257021, 0.1477405982823244, 0.026826183432467482, 0.013317372046520162, 0.018680459200327747, 0.0140735424301546, 0.013503470687120997, 0.012477489658850196, 0.009575697328121576, 0.007315435275252291, 0.008749845993204166, 0.005155058513279476, -0.0050525871530188934, 0.01653277324971376, 0.007830883128610088, 0.013204326175185917, -0.003887314670495073, 0.004841156041775903, 0.011704048735001105, 0.0005811661595108864]","(18.009715676674116,)"
"[0.46979496783474733, 0.2191343042562682, 0.047028152335537435, 0.006262356496537377, 0.011601719862588228, 0.01644083381877391, 0.007114542906986837, 0.008412661207550054, 0.009958003998957953, 0.010877309698866803, 0.0003219476912769137, 0.014604070409111542, 0.008559898519049848, 0.006970445452161946, 0.006644196945195049, 0.0035872082624815588, 0.014959842984029623, 0.0067389748224697624, 0.010228982873748543, -0.0004632415792214582]","(17.664671137562365,)"
"[-0.9279942046608375, 0.8583737988636888, 0.7324873118600589, 0.5326898936089672, 0.29812959596060024, 0.0925991497617279, 0.0271944571794513, 0.010100581043415189, 0.01415407846539879, 0.007279545534899953, 0.011414204976085463, 0.008312603043514843, 0.02500077858027141, 0.015143913669860346, 0.0012060940959260974, -0.0035245323446201557, 0.0020967347600980707, 0.014154584014703379, 0.02567545105211793, 0.007169792824919245]","(18.31789773915,)"
"[-0.8260047033617435, 0.6909423728190309, 0.497090624705172, 0.26645134340686655, 0.07770542561563726, 0.019342734278645378, 0.016312945772276204, 0.013569180912648152, 0.0021504852593902182, 0.011965137605711244, 0.008245338632026237, 0.006140068314915301, 0.0055921824422137875, 0.010202101019567068, 0.011293124671713395, 0.007742376859888711, 0.01246459526562712, 0.007917821258611018, 0.008380675205151036, 0.0023907057721809268]","(19.025080862801495,)"
"[0.4672951818633013, 0.23559343802161867, 0.07195974695627717, 0.0014328420262074287, 0.014264529216875158, 0.0021878890390769, 0.011019081382471764, 0.011637134325106872, 0.011395652989494066, 0.011332574525961425, 0.007679964652196301, 0.008144142841928307, 0.018188805187522743, -0.000792652698383192, 0.0022741267318395694, -0.00693130466119616, 0.013734470760152754, 0.023138524373499374, 0.01384083587077917, -0.007843358425801833]","(17.72202722949905,)"
