Best individual,Fitness value
"[0.6133894541526552, 0.44796184777089915, 0.27035845313874685, 0.08488617170684568, -0.006069655355060322, 0.024834056119893907, 0.3825444972045201, 0.6492338953171544, 0.7345552627698458, 0.7861862423492147, 0.5315517744160664, 0.182448198327691, 0.1531124200735744, 0.013622907474391877, 0.04869791937968987, 0.06724710322651628, -0.015571156731644997, -0.0513355583125727, 0.016125392927349935, 0.015065322483084759]","(72.91637160193072,)"
"[0.7457287810604171, 0.7087276143558562, 0.44515630542854495, 0.2204322622610507, 0.09840521389759094, 0.040301389826563616, 0.007679953526906577, -0.03620192432431368, 0.038835755902865456, 0.05359889090789133, 0.0005781700583383509, -0.012275384483351491, -0.02747045281074645, 0.02809216438804185, 0.03764889366343428, 0.02267238464153759, -0.06603624790044621, 0.12169348183689212, 0.03431242603088658, 0.07594680798602854]","(21.781217606514275,)"
"[0.942262424782717, 0.8431359913354355, 0.8964400359668961, 0.9692281224397968, 0.9141843948157315, 0.9174210937511612, 0.9507466418805433, 0.9643638234972635, 1.0003521820387498, 0.8547455456892166, 0.6395523361887749, 0.3520277826085049, 0.1615221884877717, 0.08039575182516846, 0.030062290575603216, 0.032927424794086335, 0.07197392059673188, 0.009131736556282855, -0.016742038686940186, -0.009045491560421504]","(20.51724817616676,)"
"[0.43296095795913775, 0.1973710781091067, 0.04678791331261748, 0.03719920069535612, 0.00015180402335877863, 0.053121273995615864, -0.010282424637797327, 0.06589605724332506, 0.02756716791983496, 0.07378045101475222, 0.04586130482204346, 0.017210978393176042, -0.006440488192524851, -0.06793055189455388, 0.12569819572562652, 0.055140239556959625, -0.046963309505369366, -0.021434732053469394, 0.013071300790500034, -0.01105786239902723]","(21.260750089241487,)"
"[0.9058066286684937, 0.896979641135184, 0.8464421332922681, 0.8731142847461583, 0.7123209262056288, 0.6754217221055838, 0.41553252684823655, 0.2526497570262369, 0.10262354888972036, 0.030311083978534603, 0.016493319699831865, 0.003150574028437693, -0.07500443855445985, 0.10154460461853532, -0.016732573135006052, 0.09303921674039665, -0.009124414900284011, 0.00304828187459473, 0.051453770075421804, -0.06974317400599159]","(22.12994137185042,)"
