Best individual,Fitness value
"[0.52528262898057, 0.30604560737078673, 0.10611687534746192, 0.012585226708662838, 0.011451007204491659, 0.010989670228186352, 0.033867399699950555, 0.02201064024764328, 0.0837460314571139, 0.0330339144178705, -0.003259947645864583, -0.0023640030762802633, 0.012419514854965556, 0.01332670834714774, -0.0034119411730827998, 0.0034155258203535342, -0.01082507625365766, -0.0005262938428642928, -0.010946163089929795, 0.01779488882543484]","(18.247699777861758,)"
"[0.795435356993157, 0.6485224157269647, 0.393553876047296, 0.179257161806976, 0.044994823094686213, -0.005772504558959498, 0.043091643101076646, 0.015549378439415746, 0.008856981399216146, 0.01590919255735066, -0.029340424308956767, 0.03922887521491111, 0.013810563286612593, 0.009718083456068477, 0.02909657468673548, 0.00198407056472813, 0.006160739535129911, 0.01702402439428566, -0.0032964859003602187, 0.015981301066057586]","(16.620396715776465,)"
"[-0.9886671434048192, 0.9720504462147986, 0.9527500720994732, 0.8759454246512246, 0.8253247692791104, 0.721151073821204, 0.508630810054791, 0.23982099107037255, 0.07677631975116796, 0.010712329539317333, 0.014438317056432046, 0.028362051294766953, 0.24236896087969018, 0.5319963276646916, 0.7301102843363934, 0.8376301905183585, 0.8014627054612715, 0.7269691163358203, 0.5376162841726827, 0.343141920171147]","(70.17366657986878,)"
"[0.8962848850407709, 0.8249856829209881, 0.6679304673998288, 0.43402035419787405, 0.23370377767011816, 0.05915244326538631, -0.040184218611048955, 0.021794605239027293, 0.012713020470745021, 0.017142923990580122, 0.041319410961643044, 0.017840656719203665, 0.022186657255656918, 0.020497673760279993, 0.04609536573389533, 0.024032565414129868, -0.005114340665012186, -0.0050536360018756605, -0.018004257544376463, -0.03207918284219085]","(15.885078325528244,)"
"[0.8383508794540231, 0.7095857614510238, 0.4830110126529041, 0.20407163003635642, 0.044817491623415986, 0.005467401542267811, 0.024818533466092495, 0.01032466288782554, 0.02910864498850306, 0.06566569333885737, 0.022142366804532836, 0.01827294662440812, 0.013492038370739909, -0.014108381676332382, 0.040668360363463246, 0.0389581659005562, 0.019741608860589135, 0.022387184604658605, 0.0017424942496831724, -0.0006895570143195355]","(16.532680010163865,)"
