Best individual,Fitness value
"[1.2480874016093435, 0.6161777255114956, 64.5645678851481, 12.875871833851601]","(7271.872038751919,)","[-0.0019912414259852795, -0.00023174788718283157, -4.9749347935430706, -227.1241281661484]"
"[1.2004914178325108, 0.5920665643570409, 62.03145349219139, 24.50126257677591]","(7071.964210573598,)","[-0.0032843654332168626, -0.00028649804153502156, -10.576737743336707, -215.4987374232241]"
"[1.097835111481594, 0.5430313309814667, 56.8608180245415, 51.780197435821314]","(6690.85458657752,)","[-0.00042132360794311374, -0.0005791270273407534, -10.282507829368114, -188.21980256417868]"
"[0.9435966413758142, 0.46517125561972616, 48.72358447216956, 108.80781029390957]","(6244.55554507272,)","[-0.0032314610629415874, -0.0003482597552285638, -13.744397844187915, -131.19218970609043]"
"[0.9102024014589106, 0.44953606284376946, 47.11598934746559, 123.0232268686016]","(6155.248477265765,)","[-0.0008638070528246278, -4.952446894768148e-05, -93.47091989615001, -116.9767731313984]"
