Best individual,Fitness value,Design constraits
"[0.9441432970384132, 0.4666876766074492, 48.91361962622829, 107.20880431771651]","(6234.54827014243,)","[-0.00011043825220713455, -5.1745373231326663e-05, -28.8155191547703, -132.7911956822835]"
"[1.1493727549519952, 0.5679716485309211, 59.529142448338156, 37.04065926253158]","(6871.399800781271,)","[-0.0004603056990686305, -6.362957377503697e-05, -15.047690890263766, -202.95934073746844]"
"[1.1606095921714226, 0.5747033673393291, 60.09251050608789, 34.11682359791324]","(6922.54509103399,)","[-0.0008241394039261163, -0.0014208171112506385, -13.164845687104389, -205.88317640208675]"
"[1.0058748209869286, 0.49719959174261613, 52.11583073925577, 82.39998655294342]","(6399.813949227066,)","[-3.928771929206931e-05, -1.4566490116108e-05, -20.83188296109438, -157.6000134470566]"
"[1.0945102542917065, 0.5393733282253903, 56.529407667697065, 53.72360544473741]","(6680.917159378388,)","[-0.003492686305152981, -8.277907556031305e-05, -20.97290083975531, -186.27639455526258]"
