Best individual,Fitness value
"[1.0214754934514454, 0.5053486081553762, 52.91827597378173, 76.75937265195053]","(6447.79941706612,)","[-0.00015276715745793368, -0.0005082553654984778, -27.839625728316605, -163.2406273480495]"
"[1.1781812121200506, 0.5814616906964092, 60.853386581257574, 30.263038074827325]","(6988.023951973316,)","[-0.0037108511017793777, -0.0009203827112119756, -9.02446625311859, -209.73696192517266]"
"[0.9704836591189805, 0.47988948358133476, 50.27403091723854, 96.1887627355053]","(6303.892241734692,)","[-0.00019486241627664214, -0.00027522863087908744, -23.275415235664696, -143.8112372644947]"
"[0.9401068801641876, 0.46479448750103514, 48.69906502456223, 109.01393144294774]","(6225.315895425144,)","[-0.0002149251901365501, -0.00020540716671146875, -1.8182034904602915, -130.98606855705225]"
"[1.6155812834340766, 0.7967270324548555, 83.28472161874151, 37.35557888101787]","(17576.37606494035,)","[-0.00818615619236529, -0.002190788212061534, -1937850.4786477452, -202.64442111898214]"
