Best individual,Fitness value
"[1.2585705805652727, 0.6214257925984741, 65.13424768266954, 10.392559058149207]","(7317.061019134008,)","[-0.0014796002897505822, -4.5069705806644045e-05, -2.0464213835075498, -229.6074409418508]"
"[1.087332782116597, 0.5366980472128068, 56.23959040643918, 55.44404684893351]","(6655.318681077262,)","[-0.0019086872723208526, -0.00017235473537702273, -21.548445857828483, -184.5559531510665]"
"[0.8917320856453885, 0.4422183667502373, 46.19130531417619, 131.75816629867512]","(6116.013707805579,)","[-0.00023989308178795632, -0.001553314052996413, -5.434050932293758, -108.24183370132488]"
"[1.213628367410947, 0.6005130622846562, 62.869091068253596, 20.546970411053255]","(7129.139202863148,)","[-0.0002549097936523914, -0.000741933493516922, -14.947786456672475, -219.45302958894675]"
"[1.1496657680057945, 0.5692198125700152, 59.55797660003903, 36.888738139180546]","(6878.426976990216,)","[-0.00019681962504125572, -0.001036715805642907, -6.315416471799836, -203.11126186081947]"
