Best individual,Fitness value,Design constraits
"[1.0944499394104772, 0.5414558475174436, 56.70314505809389, 52.70085374257248]","(6678.509779916084,)","[-7.923978926505093e-05, -0.0005078436632278693, -8.676324889063835, -187.29914625742754]"
"[1.1313656936888228, 0.5594217939351065, 58.59278873261576, 42.03996768224695]","(6807.797738887813,)","[-0.0005248711493386349, -0.0004465894259522152, -19.24947952805087, -197.96003231775305]"
"[1.2345957860861623, 0.6099990864802605, 63.938726284562705, 15.656804417820476]","(7212.52608466845,)","[-0.0005783687941018911, -2.3637725532266174e-05, -0.9610975584946573, -224.34319558217953]"
"[1.195037279726198, 0.5908822040682127, 61.916509073494026, 25.05251107102612]","(7049.1670255085755,)","[-4.865460776337649e-05, -0.0001987075070796207, -5.300908176228404, -214.94748892897388]"
"[0.9505911997186689, 3.7733313560591535, 49.191584492384074, 104.89193285165419]","(20470.169660123676,)","[-0.0011936190156561777, -3.3040436400018094, -5.20881048636511, -135.1080671483458]"
