Best individual,Fitness value,Dimention,Number of elite members,Maximum absolute value a mutated gene can have,Probability for mutating an individual
"(17576.37606494035,)","[-0.00015276715745793368, -0.0005082553654984778, -27.839625728316605, -163.2406273480495]",4,4,0.1,0.2
"(6116.013707805579,)","[-0.00019681962504125572, -0.001036715805642907, -6.315416471799836, -203.11126186081947]",4,4,0.4,0.2
"(6155.248477265765,)","[-0.00042132360794311374, -0.0005791270273407534, -10.282507829368114, -188.21980256417868]",4,4,0.8,0.2
