Best individual,Fitness value
"[-0.7964069709801884, -0.8491860164246596, 0.031592171810826776, 0.8419796620288569, 0.9588795631031016, -0.10815866718538727, 0.9837365410612968, 0.9743325348983783, -1.0210954621304864, 0.8218277594378369, -1.7053530132160626, 1.8012442575221268, -1.0826675717019911, -0.013839721579848589, 0.07106533538022725, 0.7947575736577951, -0.7666405065098166, 0.5988867224285535, -0.11401912701666957, -0.9766386546617162]","(99.80998196657973,)"
"[0.045445959975292, 0.9446920199090846, -1.1611750754482442, 0.9934284484657778, 1.0024523744344824, -1.1394576979144302, 0.19769868225163348, -0.8231531312107934, 0.005499295904955525, 0.00413072424362057, -0.010010947079087151, 0.033243123179668134, -0.879116272342302, -1.0352157495447694, 0.8260018026024393, 1.8512806282821421, 0.9678716615637912, -1.0930296077240076, -1.8209404576476007, -0.16080007982169411]","(64.26712039075235,)"
"[-1.791271354300039, -0.7488497207915896, 0.841025836826671, 0.08851432045801438, 1.132099477583968, -1.008839069193401, 0.10042520398418507, -0.48504704875469457, -0.9546836370750758, 1.228374247388193, -1.0753609172456213, -1.1310277423922754, 0.3933867540891688, -0.8868861344157593, -0.9713829415320815, -0.9220615658114895, 0.041345715999725835, 0.04322370821181784, 0.8661392496425213, 0.07832866087615002]","(104.29986472952412,)"
"[-0.8468050310334803, -0.6995797318756437, -2.7858192220873303, -1.0296895941478115, -1.0164392615716062, -0.06945798271661101, 0.1706985276486278, 1.2433585374919534, 1.1709530550933223, 1.6794692204000883, -0.8962368320384781, -0.06503723195308016, -0.9880500342679834, 3.0824816435997824, -0.910782587822622, -1.0133059714648245, 0.660550193493262, -0.06932103715558542, 0.8885197409078261, 0.9591453624755099]","(117.51079518057472,)"
"[-0.879563401777659, -0.9497628392708661, -0.08954779859371526, 1.7566483330101743, 1.8100014322910751, 0.9021425301803825, -1.1519426669276327, -1.7989140168558655, 0.23921966419562105, -1.0129841411727716, -1.5437639926878142, 0.11298294613600876, -0.184232172588473, -0.1234614336099781, -1.9837637426582373, -0.026131735421612973, 1.0589519880056995, -1.87679439209544, 0.05340526654938583, -0.1552823534879902]","(108.15863106789186,)"
