Best individual,Fitness value
"[2.014433991797678, -0.9258078404308406, -0.3371330101291793, -1.0206699975953681, 1.993842259202257, -1.0998097216757186, -0.2334313190621096, -0.04077122129407892, -1.1384833880895266, 1.1507841773789709, -0.04698017564586621, -0.036170134550849144, 0.028936893921191496, -0.029553128715195227, -0.9835231977973903, -0.0653743004653354, 1.0214101878770987, 1.0539460845367927, 0.7715363836553892, -0.9690375158517721]","(65.31773811878729,)"
"[-0.08353537982306097, 0.26636244728529257, 2.055831039884008, -0.05858538007578916, -0.04972487928221631, -1.8949174133416131, 0.05669093366057404, -0.9475857933753858, -2.8238772079513645, -1.0415196858611886, -0.9390801928094911, -0.9327533447546174, -1.0287666761681675, 0.053375119991277566, -0.18104706249200073, 0.5646952064596162, 0.029578129006789435, -0.8275704368943517, 0.09526230038532178, 0.9391991870477564]","(81.12477513846669,)"
"[-1.032685251911741, -1.0541848219468921, -0.9810280528937276, 2.9439832952794123, 0.9615604762077498, 0.8487339296163698, -0.041078088474626934, -1.1319934060514283, -1.024104153855541, 0.9564075830711999, -0.6181828124682776, -0.6861646298424341, 1.4829594122631256, -0.8565053212964472, -1.9755660830736406, -0.937254972150777, 0.03730443125510479, 1.076854892329274, -0.037615021519467724, 1.0192507280521081]","(95.14041551468114,)"
"[1.9153423394686455, 0.16169810077601002, 0.2031691698943044, -0.10228679499419023, 0.02017480456133609, -0.11893229886024564, 0.20975579830796895, -0.7294325460253175, 0.8124449092752253, 0.8851464884075678, -0.11504961214732277, -0.9857665786352491, 0.9717218849010558, 0.09222374157661425, 0.04610123707396326, 0.020882464659340447, 1.0487771689361152, -0.7379889155944558, 1.0772128647975765, 0.14385941531300311]","(76.97773664000772,)"
"[0.22876726480600593, 0.014503307622326376, -0.9464846599340883, 0.986012054787403, 0.9879329483452856, -0.03793635813541585, -1.9902521439780188, -0.0037164307310876433, 0.07522537045224476, 0.9307440667051361, 0.33725214415841176, -1.053038571426619, 0.3606947672599417, -0.14234777344586522, -1.0865994794285379, 0.05192056675239462, 0.03401782527018056, 1.100450478696678, -0.049674859052764406, -1.0224780129686775]","(64.83690978086388,)"
