Best individual,Fitness value
"[0.5507983588712635, -0.10380907778024098]",0.6671616833219502
"[0.029690278904486073, -1.4776888061059912]",1.1056489016384514
"[0.49457523496635813, -0.45389523922660935]",0.42462365630616894
"[-1.11811488753086, 0.5289078052753587]",1.16588795629748
"[-0.4749948533140669, 0.5084033289093223]",0.1377988488634827
