Best individual,Fitness value
"[-1.4504440644049885, -0.4897728258210562]",1.4049375187078397
"[0.15988464606728847, -2.280575948486968]",1.7976931348623157e+308
"[0.47670395573352875, -0.48648840313293984]",0.6700420197632262
"[-0.5143541672739764, -0.12245693315056275]",0.09612680758578662
"[-0.45302342335591084, -1.5088784843707173]",2.3740965892619563
