Best individual,Fitness value
"[-0.4451494094089181, 0.7712474252628306]",1.6727660409853282
"[1.5036375904534207, 0.5529869207123701]",1.5618084627203412
"[0.5340150619447017, -1.4860089524907476]",1.2395046319486678
"[-0.028914612750840944, -0.5471986266681321]",0.5949641060132365
"[-0.5237074372945069, -0.5230747173219952]",1.262897673698582
