Best individual,Fitness value
"[0.2776870739478504, 0.07378321066951198, 0.007120694795158006, -0.0011488684435662123, 0.014196648003969511, 0.004614855735707727, 0.0251877153569045, 0.010970775693947827, 0.0493314553957029, -0.024755791966776918]","(8.576278879718053,)"
"[0.8530863607139271, 0.7386131265591671, 0.45100585426530565, 0.17121401847941442, 0.03007464743257432, 0.0074824249546982455, 0.0037676574914764227, 0.007801204710714873, 0.01544943614598212, 0.004881401486609593]","(6.997241855777244,)"
"[-0.6027867342836651, 0.39197113125616334, 0.13416507851902057, 0.03423760685742602, -0.01532602252137763, 0.011126080953115437, 0.029518138409016625, 0.009162251834952659, -0.016420755488732564, -0.02214410506472561]","(9.942495615145354,)"
"[0.27982130267492655, 0.04655828837376711, 0.03562564554338188, 0.029332884462198373, 0.018702821116461647, -0.020678380206994806, 0.0332126608853758, -0.009406595323613924, 0.020101122788349853, 0.0030195431975893394]","(8.745204411570711,)"
"[0.7189509936051133, 0.5075887664137925, 0.26895072103011897, 0.10848689875289308, 0.0015399085445114702, 0.01850166222433482, 0.021546045600468543, -0.007401129241624317, 0.032776650701413085, -0.00372527242123695]","(6.876037130542417,)"
