Best individual,Fitness value
"[-0.9031136364138017, 0.8239669064107957, 0.7113973954877273, 0.48015555446818775, 0.18490384804811444, 0.12787252917635641, 0.015753018200603076, -0.004835519818915654, 0.011764243600659224, 0.020311265516069557]","(9.709181751666426,)"
"[0.2630550616066273, 0.053809121402458526, -0.019789447724933212, 0.04153040923153053, 0.04200706243034154, -0.04577110250670463, 0.0204515607365309, 0.004834157053647106, -0.03390754021048134, -0.003347920012567923]","(9.21263453348961,)"
"[0.7431604637348475, 0.6533079400383421, 0.48607324683491226, 0.29388971601642566, 0.1075443403969146, 0.07057833085860166, 0.05593232415815788, 0.028879492312958686, -0.032854947755786644, 0.012957020712167769]","(8.060644568791407,)"
"[0.6417950846499647, 0.47675440379599526, 0.24394249936651366, 0.08987415598120171, -0.04715500650241797, -0.0008614468660327612, -0.08080051164336322, 0.050518936258202474, 0.01762338556091516, 0.010534078451805318]","(8.661114039539754,)"
"[0.7169099376675321, 0.5392324501307296, 0.30186969624369464, 0.11494085029978823, 0.08154095594654098, 0.06502452181679264, -0.003082241641213304, -0.0016313623876208008, -0.04052281890942325, 0.010368801649770193]","(7.491064973695679,)"
