Best individual,Fitness value
"[0.4279744210648393, 0.19572215766248746, 0.023346231669512996, 0.011204957275793492, 0.009580191015411436, 0.01063316165454984, 0.010094616771088666, 0.014770322997161002, 0.009962339662732508, 0.0012349794297204283]","(7.906863411293984,)"
"[-0.8512852511062586, 0.7300651672420839, 0.5447363891127104, 0.3076860073094396, 0.11174427405449619, 0.039032825491967606, 0.016749321498211164, 0.011671622368325418, 0.009773208090596511, 0.010452824971269575]","(9.007723285149284,)"
"[0.6599759675861319, 0.4470821314126936, 0.20534492405783708, 0.0009220447069746734, 0.011784631204353396, 0.010935489714354759, 0.029044801758457063, 0.006768931080342579, 0.016813957608315798, 0.0043033119913213486]","(7.230508293850056,)"
"[0.765027499658175, 0.5775653718128436, 0.32872262190187707, 0.10655906575064704, 0.01641676214358464, 0.011573863661584, 0.011323593142662524, 0.009224713913061226, -0.002579381275621552, -0.003971843898631387]","(6.43816439409389,)"
"[0.858753273971763, 0.7223821092268886, 0.5254445033186813, 0.27817796976163595, 0.0865576829644628, 0.016326854930499814, 0.00789051479338127, 0.010414604960759792, 0.005426909781899979, 0.004096809227778659]","(5.659676334363978,)"
