Best individual,Fitness value
"[0.005264293714215939, 0.0007665521672934425, 0.9993430307644875]","(1.0043857637650024,)"
"[0.001083838061741792, -0.0010620848522564256, -0.0014065835430272853]","(0.000849353220685245,)"
"[-6.425464562622937e-07, -6.4755252863726984e-06, -1.3485115369343025e-06]","(8.761741554508262e-09,)"
"[-0.994958640264098, -1.6538937922405232e-09, -5.55927928727377e-09]","(0.9949590570932951,)"
"[-1.5321110133018906e-07, -0.994958558673256, 6.3918748947148555e-06]","(0.9949590652047,)"
