Best individual,Fitness value
"[-9.240103975212987e-07, 9.554920635774941e-06, 7.146655620789925e-06]","(2.8414701702672573e-08,)"
"[-0.00021181041394311982, -0.9943777852408167, -0.00013578687778261788]","(0.9950385150180168,)"
"[0.9882350924980448, 0.9890560023589479, -0.010377537240862145]","(2.027140089859712,)"
"[2.272487386740884e-07, -0.9949582548324389, 6.602933598293381e-08]","(0.9949590571334586,)"
"[-1.8213228546587068e-05, 3.615503976745323e-06, 0.9947632000133872]","(0.9949666993753432,)"
