Best individual,Fitness value
"[-8.666329382048635e-07, -1.6900119755955468e-06, 1.107809552318826e-06]","(9.591101246542166e-10,)"
"[0.9949586254570286, -9.373956074418832e-08, 8.652832410427355e-09]","(0.994959057095075,)"
"[-0.970566382762745, -0.00562384028956031, 0.051436406666260384]","(1.6391514345096034,)"
"[-0.00012009404015989943, -1.4299491560563595e-05, -0.9948759745905719]","(0.9949633139500857,)"
"[-7.555901991262144e-05, -0.9945579409167853, 0.0003634677927584263]","(0.9950182357375592,)"
