Best individual,Fitness value
"[1.0047790454374563, 1.0101089222174857]","(5.0716837604314555e-05,)"
"[1.031953727189547, 1.058654059471337]","(0.004957894877431432,)"
"[1.036956863049746, 1.0755554668802985]","(0.0013734235211519752,)"
"[0.9409741709076188, 0.8854131860368013]","(0.0034840853804741848,)"
"[1.0425293949816041, 1.0878855741538689]","(0.0019123889133653316,)"
