Best individual,Fitness value
"[1.0028195472493269, 1.0056583408097859]","(7.962607702073353e-06,)"
"[0.97884144484205, 0.9581071799074278]","(0.0004477391853859838,)"
"[0.9761526849585992, 0.956480078877742]","(0.0018690285107550424,)"
"[0.9981654585636186, 0.9964526727722707]","(4.767163924756602e-06,)"
"[0.9971176696004355, 0.9941709792225467]","(8.835889547586366e-06,)"
