Best individual,Fitness value
"[0.9971453401590236, 0.9941434586853819]","(1.0563088730339425e-05,)"
"[0.9474855519816116, 0.897482001882159]","(0.0027638616973714035,)"
"[0.9149654563865939, 0.8373154891459486]","(0.007233236061543911,)"
"[0.9530547207797585, 0.9069457026263876]","(0.0023908917176728205,)"
"[1.0101879616764793, 1.0202858555288032]","(0.00010755282564147702,)"
