Best individual,Fitness value
"[-0.33131129632664325, 0.5843447528289173, 0.39542594641777606, -0.5878291023209066, 0.42647354733602977]",7.463570515649362
"[0.938130443452158, -0.4660926114421065, 0.46169747351901325, -0.5884158150969739, -0.5367827605811077]",7.172220551254609
"[-1.495537506672136, 0.2212065492234383, 0.07769987118559518, -0.5106457492544507, 0.15726622340132357]",36.48930981580757
"[0.466146858595862, -1.2446598667638882, 1.3840032762958079, 1.6812861630870652, 0.8647021308679148]",86.71810439241386
"[-0.7632065044816367, -0.5116581640664936, 0.4970295849033328, -0.5367291778665804, 0.6007254074123006]",6.478460171876155
