Best individual,Fitness value
"[-1.2227951477461971, 0.5270882842929852, -1.0151546019264892, 2.5147667196783132, 4.112036357145166]",238.02551034142778
"[0.4731227155350073, -0.9346830585791601, -1.2309041855528535, 1.0324856796465378, 1.2977692837883992]",143.60028066553033
"[-1.4348441310955242, -0.050014874831668055, 0.43347347585753304, 0.587469873703599, -0.9946384274098412]",57.14545860138407
"[0.9604079941883797, -0.09915871497292639, -0.6269360580274157, -0.6255948096044064, 1.228588988123088]",67.8446826059429
"[0.3566112400099452, -0.7430769248133198, 1.0492884930621964, -0.10288247224984004, -0.2829347427096835]",39.845150810785114
