Best individual,Fitness value
"[1.7759326304222443, 0.43434452916348376, 0.13232028035309784, 0.9175491107529057, 0.8451318301397577]",57.41203941875025
"[-0.11348994759388076, -0.3981146275922673, -0.4837863888978975, -0.48359148853282874, -0.27409182788913955]",8.464700143415968
"[-0.9368757465985803, -0.46038591789100103, -0.5793921378636073, -0.3026835569924834, -0.07437377457002425]",27.628810700523054
"[0.15116207087888534, 0.10683930044016587, 1.4713142619272639, 1.6261415361936158, 1.002381352013019]",48.825658784129295
"[0.7734711460148525, -0.4475662928019884, -0.602162452272351, 0.692100245653588, -0.43430418523254144]",10.21514361578957
