Best individual,Fitness value
"[-0.00015578148712725587, 0.036041610806803584, 0.005946432677070179, 0.0007898407669902144, -0.009860162778782239, -0.0265108629511656, 0.00730059086219827, -0.01793399328058165, -0.003748238673080653, 0.014758366861536528]","(0.5424380956583708,)"
"[-0.015326637204569837, 0.012990386676110077, 0.003236892420768878, -0.9886420952654552, 0.007595045062263411, -0.0014516090238017726, -0.0039429407793361015, 0.015460897346833313, -0.011429903353614483, -1.5840820177331905e-05]","(1.1732109125734667,)"
"[-0.001202565150602082, 0.011664166469349757, -0.00113717166341574, 0.009076032228789728, -0.03820917840178318, -0.019445782125935993, -0.004761804675842973, 0.0057809738819498795, 0.013901449806125492, -0.005525750291251824]","(0.4625472427025805,)"
"[0.006462257534945233, 0.007962314700793255, 0.0024226657255428385, -0.0012991724225604566, -0.0018389390850659729, 0.023695697198593144, -0.021832132760220224, -0.001745827112739802, -0.018972049575781885, -0.0006892595058540021]","(0.30065736078501537,)"
"[0.01029639970303025, 0.0068265469578453405, -0.003521813500687131, 0.008882216194424593, 0.005063400475841944, -0.0013371576949436238, -0.0008685712873299778, 0.004298329560086305, -0.0037822377434905165, 0.01271485453446692]","(0.09252792502887708,)"
