Best individual,Fitness value
"[0.013189557799983006, 0.9774696188664591, -0.02077729733391854, -0.00959477926721273, -0.03439921375912794]","(1.4276061645986307,)"
"[0.9832770337447657, 0.9764954082445294, -0.9850863656929809, 0.002915088354143555, 0.04453829472286057]","(3.491328628283963,)"
"[-0.011351589928885205, 0.012607759979326214, 0.011570126907983631, 0.022523100974960478, -0.9875411296663745]","(1.189956611865302,)"
"[-0.9867758488543412, -0.012555825558887514, -0.9884693629191692, -0.0027485365355424535, -0.9999854003330708]","(3.0442605533221787,)"
"[1.038976710694643, -0.04919310458823097, 0.008980741898202872, 0.971035836750773, -1.0156133298280254]","(4.0577610068139975,)"
