Best individual,Fitness value
"[1.0007912511016201, 0.00206415293606837, -1.0060714883920288, 0.9589680694377115, 0.9958762084588056]","(4.267249637403422,)"
"[-1.9891859928294766, -0.9955568441154171, 2.9475906996737774e-05, 1.9885053884017851, -0.9946541674279026]","(9.950166229786207,)"
"[0.9943020578419627, 0.9961196763836117, 0.9952018935947201, 0.9945876314489924, 0.9948636141121557]","(4.975188903564801,)"
"[-0.9698714230515888, -1.0013698386163443, -0.9679335248694417, -0.9750415634499054, -1.973274274829697]","(8.369471767651952,)"
"[-7.172174971516635e-05, -0.00035322193159102353, 0.000645114064295338, 0.994719374658504, 0.9946782887513292]","(1.9900533885019254,)"
