Best individual,Fitness value
"[-0.9990607297499629, -0.9899572555509739, -0.9968727627212904, 1.9566446839043612, -0.9950695076825726]","(8.186065002454974,)"
"[1.0060789432148134, 0.00273076399557378, -0.09062191912508373, 0.02644528552975225, 1.0354392091423332]","(4.064355956813488,)"
"[-0.001356696060621246, 0.004361107040215753, -1.9955739224299218, -0.9928679389793612, -0.004119626974031553]","(4.989512629635621,)"
"[0.9993722795714952, 0.0070762189913416585, -0.9872824406250255, 0.9886382375251196, -0.9959525015796853]","(4.013421225532811,)"
"[0.9945569768162389, 0.007839098952685912, 0.00020334251635446013, 0.0019979153522527633, 0.9943959623419929]","(2.0030020236375368,)"
