Best individual,Fitness value
"[-0.9941327957046668, 0.017252771963404356, -1.000569477682937, -0.007479065480451033, 0.05307104659027784, 0.0011755826275182887, 0.0033874758032821015, 0.0008671657081724543, 1.9885744741323816, 2.8469740496686255e-05]","(6.60291979423851,)"
"[-0.01678917716329406, -0.0001439304342574499, 0.014127412070326483, -0.005014640331165712, 0.9940733791919831, 0.004479752317874166, 0.03733163277585527, 0.0008491380735151932, -0.0018391567140674994, -0.9847268595335935]","(2.3912700992284623,)"
"[0.0037698717137617634, -0.03925300610695526, -0.006668767541028655, 0.9888435187253678, -0.013311786374652173, 0.001480916097946863, 0.0016149087799060295, -0.009666109488305551, 0.9941143118816165, 0.010543485106099041]","(2.3899204052595078,)"
"[-0.9805004582427459, -0.0031737618423398183, 0.0026443664320770295, 0.010519777045859484, 0.0014694004020059485, -0.013086025762506285, 0.0020252888501303967, 0.002760967914312678, 0.030762588665246143, -0.003465942868082994]","(1.2879317965584356,)"
"[0.003418114456463269, 0.9781672840097935, -0.002406685652276433, -0.9932449489145017, 0.002954229695564489, 0.0066558798736109925, -0.004828634409313359, 0.9974472593477027, 0.019449010402665973, 0.004326350738328084]","(3.139758922368351,)"
