Best individual,Fitness value
"[0.0002782836716962167, 0.9988519813351557, -0.0003179855232708917, -0.9887894264133277, 0.00046573750358022865, 0.9920685974928846, -0.0010245288747727467, -0.0006806149825997442, -0.987593952324266, 0.005859137700340975]","(4.009977842229924,)"
"[0.0026388105435525364, 0.00039347198061179256, 0.005254890182194112, 1.0087855885818462, -0.9923071911835857, 0.9938861475034786, 0.0037859561159208077, 0.004587777475533739, 0.00608114918250046, 0.9940243451952205]","(4.04079726540882,)"
"[-0.0007752142810869807, -0.00041645258880971885, 0.0014149005910510937, 1.0030112729489082, -1.0217366229900673, 0.0013624162826889191, 0.9997858745834988, -0.0028891838974204973, 0.0004210739545353892, 0.005094266388767206]","(3.152225504198066,)"
"[-0.0020458793624819113, 0.9956297048882576, 0.00722512555975998, -0.0006241213162439885, 1.0013734724416792, -0.0044337410055211995, 0.9934487045528989, -0.008526251103511524, 0.007859611430372507, 0.9956499866620615]","(4.030468647626652,)"
"[0.001250015027983187, -0.01193738662994894, -0.02947493482296159, -0.0047314533182302165, 1.0156146105827062, 0.9973921979187212, -0.0019221859071206536, 0.006277677474505557, 0.016087054640996468, -0.01576835105754785]","(2.389709966824059,)"
