Best individual,Fitness value
"[0.0046773481010708995, 0.003441190357295225, -1.9968408878770167, -0.012922551126356773, -0.0011306803532089016, 0.9988178104938108, -0.0004392195528657439, -0.0025012347777814, 0.0017850614210625712, 0.9800998221587818]","(6.0678871523429425,)"
"[-0.005186106523656758, -1.0078432422595962, 0.006131831519090025, -0.003265898114018159, 0.9800304767601284, 0.004016821507902474, 0.992748300837838, -0.004017094370757701, -0.01523792657694355, 0.004767346074310508]","(3.1347402228900183,)"
"[0.01446829891403648, -0.0007504993064416446, 0.0017402025405773968, -0.019597928625227117, 0.0031300620567644485, -0.010792118833593784, -0.006926137246501509, 0.0013277741793824615, 0.9982521978577102, -0.007351013323755772]","(1.161052348041414,)"
"[0.0026930854527900433, 0.0002698802246410281, 1.0139414014804713, -0.00020929992121835814, -0.9998902308196317, -0.003688025576737395, 0.005443580338885312, -0.002469376801872404, 0.9898960382618134, -0.9929763741288439]","(4.073226759072204,)"
"[0.0014614062198175185, 0.9891571556142835, -0.008402650884557827, -0.001787434868190327, 0.009945137519501046, -0.0035294892672589426, -0.038480432281789545, -0.016387889246848017, 1.0044198660719166, -0.0005261838950766512]","(2.3971292596404314,)"
