Best individual,Fitness value
"[-0.001785921162667771, 0.0009973342324492325, 0.003469243238990371, -0.020211980803665375, 0.05463582112600296]","(0.670608438019686,)"
"[0.9851835636365138, -0.008935554904441756, -0.0018116929032045148, -0.0019143399071550188, -0.008969255797837049]","(1.047058679648174,)"
"[0.0038422781151427393, 0.00626706089753256, -0.009870241956808551, 0.0004277234316527531, -0.02266433296939313]","(0.13181484555122935,)"
"[-0.017063598407816682, -0.0011265364291279628, 0.0009540656071669318, -0.0008385518194809621, -0.0019146392065563234]","(0.059009202862613463,)"
"[-0.018965463561996524, -0.0293262247494325, -0.006994234857487638, -0.041389461365636815, 0.0005651246081526447]","(0.5891468567075755,)"
