Best individual,Fitness value
"[0.000366908488308032, -0.0003019591916084589, 0.0003210083758154156, -0.002521392982821529, -0.002079743946073058]","(0.002184576893887069,)"
"[0.0008136208172690885, -0.0023001367130181093, -0.0011608907393510677, -0.0012473867526473451, -0.0011750002609275429]","(0.002030892429226938,)"
"[-0.00043215650571405695, -0.00031768922073904804, 0.00014202603484747556, 0.0014157165851532878, 0.006250324833469767]","(0.008208207260294031,)"
"[-0.0019847482171399897, -0.000698120761892203, 0.0008634904112241118, -0.0013857762492179206, 0.0034588985819591564]","(0.00378056657411463,)"
"[-0.003472616220733568, 0.002911157428694176, 0.009123856209335531, 0.002643030437372386, -0.009120500320418978]","(0.038468541490246366,)"
