Best individual,Fitness value
"[-0.00013487586685798547, 0.0033962710869024984, -6.838867046783117e-05, -0.0058100175204275715, -0.0020636755977229727]","(0.00983397079629178,)"
"[0.00022075487299267043, -0.0014421544831984996, 0.0010229152336594751, 0.00021944652064813386, -0.002534245947818545]","(0.001913552073789404,)"
"[-9.884777664874358e-05, 0.0002905463455348616, 0.0011634558371436676, 0.0004844541400413401, 0.0004000366164708696]","(0.00036554463764382206,)"
"[-0.0034763310938000086, 0.0009751687587815435, 9.740473012077519e-05, -0.001033287197336539, 0.0008173737025645167]","(0.0029323572060739878,)"
"[-0.0018447608208821773, -0.0001713214560854926, -0.001687319748155238, -0.0011423254772349343, -0.0017136732032832433]","(0.0020872884268072767,)"
