Best individual,Fitness value
"[-0.4955337236551851, -0.9302258355963126, 0.8224479895484503]",3.087964576154338
"[1.5461456146168588, 1.4759666071171305, -0.5200285629726191]",6.890556488643471
"[-0.44262026069698107, 0.46512639222949737, 1.105839137732396]",3.506245556544733
"[-1.4634437779848009, 0.5023515704526527, 0.3946569648541972]",3.3147253540828645
"[0.4939197788437931, 0.46652434606353077, 1.470687355898642]",4.660531335175648
