Best individual,Fitness value
"[1.3753275807444791, -1.5217236246512376, -0.518231392817514]",7.634044353060693
"[-0.07817758773728514, -1.554025456159184, -0.5146028455169475]",6.061261859853415
"[-0.5220986448966951, 0.5222316336653201, 0.3865328433494102]",4.460575968097515
"[0.5209150213760996, -1.4346143154411177, 1.5701173148018535]",4.934120372525898
"[-0.11440340829794854, 0.4200805933693619, -0.4802760211971054]",2.170886642155523
