Best individual,Fitness value
"[-0.45762095775435485, -0.504377090174928, 0.4163087083810756]",2.724791749401474
"[0.5387384117908909, -1.5411299868659782, -0.9291389867562059]",3.7950692281529115
"[-0.47613877302669805, 1.050994872643728, -1.5270472367967582]",3.3344304828875497
"[-1.501930958937031, -1.493594704020183, -0.4711127800412396]",2.9711591384030367
"[-0.5821719835026601, 0.37080821758326366, -0.5054050092302197]",4.450329033470595
