Best individual,Fitness value
"[3.04684068316615, -0.7707787473934365, 0.0029975019435538866, -1.9273563970248082, -1.0177265941847404, 0.006070483215386239, 1.967707591106292, 1.0520140569369796, -3.0172812640230786, 0.017330517570904237, 0.97632483733681, 2.999872370044365, 0.03279444616508143, 2.0040548595643033, -1.8793576585029548, 1.0303900963560808, -0.01093364786243357, 0.051536347703634515, 2.163806273931452, 1.9397413593872592]","(76.13866524618308,)"
"[-0.03371320091628061, -0.9994270807443085, 0.993903266752515, -0.01680629679108928, -0.029797357289370396, -0.04624839390516447, -3.020160305826226, 0.03244959740595802, 0.05839973290586606, 1.0335865377440383, -0.04429411769125432, 3.9626194917156226, 0.0027231142693828676, -0.9227188984510494, -1.9468342253148498, 1.0891110307327192, 1.9688878823409035, 0.9648334035960999, 1.8906319632788016, 0.024939658670558792]","(50.87740705459484,)"
"[1.9749578358335345, -0.945747242686378, -0.05147780938968967, 0.026450238979466953, -1.0189905392606542, -0.8587387482887365, 1.991488840133473, -0.02099563055719466, -1.0215131424660029, -2.0226608022825285, -1.0172873937728726, -1.0160169820602425, -0.9854342989791138, -0.036813468882101456, -0.02680164245957163, 0.9578345322551343, -2.006338626681796, 0.9823637643807607, 2.00841671306698, -2.072034157509749]","(40.35554286407331,)"
"[1.0496201850319682, -1.0156987791771839, -3.979751174376455, 1.9958613111931567, -0.03481645895317876, 0.998939011037268, -3.946466426709421, -0.9742761207664193, 1.996821608965025, -0.9574810381277318, -2.9520453155309663, 0.9883654480919176, 1.0128229953220564, 0.020710359349828483, 0.05278715187955437, 0.9946552847465217, -1.9899444690206507, -2.0425362872034816, 0.003090901709739447, 1.9599580677252038]","(71.80271079458272,)"
"[0.93394530239347, 0.9201608976754531, 0.004045596467857471, -1.6295037622670194, 0.02317886376692811, -1.9777353048679378, 0.0274893321915593, 0.010291075195226396, 0.9523570704196315, -1.0046625755316065, 1.0643821785897052, -1.8268135743919236, 3.9338097798692777, -1.0203217316782784, -2.969448142072139, 1.0360860124725297, -1.9677333011354052, 0.9798606397327574, -0.14301313929953927, 2.0474632437592115]","(81.93826847914636,)"
