Best individual,Fitness value
"[-1.2994941910076427, 0.5336434639309122, -1.1553818804938039, 1.1961511586728402, -0.2362677443909249, -1.1515845411334382, -0.7816779225116433, -0.0031597289898716574, -0.04018753376551132, -1.7563870571184308, 0.38700640627584537, 0.027730304079418566, 1.229133163544926, 1.0176362963028387, 0.5073612769818131, 0.217278763733475, -0.4544666053076165, -1.0411682066910632, 0.5101468463324634, 0.25318270079383987]",1164.180663176638
"[-0.7480275617667771, 0.7578408875372122, 1.5559156836513157, 0.21842519603304344, -0.6539272536423822, -0.7168910420361972, 0.30326501067596157, 0.554534226471513, 0.8902482589642059, -1.093232891759435, 0.9731679376434297, 0.5798175387503218, -0.27102343417113395, 0.6181988099865068, 0.9563887367556936, -0.3501777993577201, 0.7755547179110567, 0.034007862518720684, -0.1836616644801229, 1.069103114935175]",800.4903470530076
"[-0.19951746569700624, 1.3753655299035246, 0.36824947079055614, -0.6168634174085299, 0.09434246784650369, 1.1652844815771324, 0.700273872532597, 0.4436842711369986, -1.0066377233765265, -1.1413620247551137, -0.9122737875136299, 0.4091471919913894, -0.1956654677327157, -0.624797439526079, -0.1383476218475459, 1.7854086182641624, 1.14510001350896, 1.5966011804645142, -0.25719282284790124, -0.9868836518370604]",1067.680993794706
"[-0.3330587249033884, -0.02196998197855078, -0.797708669365138, -0.8105776956983113, 0.20619695492435075, -0.8584422616438008, 0.5302885530651462, -0.8232824342817233, -0.14217450100144297, -0.2713081792713323, 0.2561841869165584, 0.5878796388272447, 1.4612862023104984, 0.18642105693092847, 1.0049021169180854, 1.7224071633128748, 0.6684361999861719, 1.9901882911941893, 1.272096564389423, 0.011903706969924044]",1187.6426563405
"[0.8966900080506964, -0.2980759245445612, -0.2623919073527924, -0.7730620776527475, -0.7377859739996746, 0.2552332168577953, -0.2609868928469964, -0.509672770785983, -0.5209173197388961, 0.0352699002842678, 1.2747120718196974, -0.5564335457029463, -1.150479919856493, -1.109680328465343, -2.1705455726936305, -0.8174679752832593, -0.4141628995732587, 0.7667577274860738, 1.94999896273072, 1.5890022845145229]",3018.3317926984873
