Best individual,Fitness value
"[-1.7202723640481052, 1.0721503908988115, 0.39771396836533834, -1.285503598894067, 0.10576546625734018, 0.4530587554495779, 0.19866124423760567, -0.7718262595405754, -0.6180809966946366, -0.09913052641356224, -0.32119498609009556, 0.32568172255178623, 0.8483388166592385, -2.3004070386573003, -1.4733261688066421, -0.3537832282833464, 0.8694891305375418, 1.4169198325725199, -1.308907405919101, -0.5003340210585283]",5592.2545600980275
"[1.0532251598441278, -0.45873157413830334, 1.4302034949614326, -1.0803430632295805, 0.4889542163826639, -0.1175135997446497, -0.08424278885548775, 0.17098443506444033, -0.2019743105007531, 0.14056901690036971, 0.781630440889572, 0.8917344938022765, 0.6289932340880645, -0.4188217410851376, 0.35017761171885486, 0.3956224967053481, -0.042739553191300766, -0.011944098077598442, 0.9983552849365083, 0.5622746643320382]",1119.8365324536894
"[-0.5022546410005213, 0.45001186651506186, -0.39848432023284497, -1.0915623883487018, -0.3496665217186924, 1.6730336065998255, -0.48367320475904796, 0.35346766462962986, 1.4570542679448535, -0.7743131246012588, -0.7163842588411229, 1.5411012993011957, 1.8488866489759328, 0.31985651638035223, -1.067670332959861, 1.1922847611072085, 0.5824783513915311, -1.3691179916915988, 0.7474472848139309, 1.493939236705803]",1892.617389742101
"[-0.15726875085333725, -0.05787242912412416, 1.4205760006584485, -0.20966219684269105, 0.530970571210977, -0.4567679664804646, -0.4314624303286687, 0.1935398248463187, 0.332979802554745, 0.06579267979201298, 0.2532049533713989, -0.41200928263189707, -0.506646556460213, 0.19493999176145815, -1.1441819940944813, -0.5447190576800518, -0.029145523923432948, 0.031081416758705904, 0.7011735553823704, 0.2482025659971776]",436.7006706411505
"[0.1341144076050278, 0.06279139398205813, 0.35929883823292996, -0.4443822556541148, 1.1393423695897595, -0.378152039056992, 0.03463067991793767, -1.0010486875579414, 1.095400249299126, -0.3111948531015527, -1.262209724539216, -0.9699611306866212, 0.7796003537995462, -0.5999454298418453, 0.3846375914190743, -0.31290580844877103, 0.4455538619678947, 0.08322195425024526, -1.1442946254991924, -0.473703554845359]",744.0092074092506
