Best individual,Fitness value
"[0.18340836831189505, -0.5821494712314548, 1.1384285124850633, -0.2609388552914822, -0.3360115352182459, -1.093317591766665, -1.0197934805195317, -0.7018771927513279, -0.9683839530200401, 0.4138644411822031, -0.0570538511984946, -1.0825110477777713, -0.6306449993719401, -0.430837428277667, -0.17118141971751916, 0.5676762689164794, -0.2605800932775229, 1.4563496877023931, 1.0760565755649112, 0.3917242348991862]",793.5366258819008
"[1.6013353867815319, 2.574521007955705, 0.14737763259773934, -3.618286565751561, 0.30231105947502757, -2.4149015627557917, 2.2347244210851462, 1.2965898224276096, 1.8469423866460162, 0.6894143422795018, 1.5694603100410127, -0.09951182238637646, -3.760641844089168, 0.3889881049895774, 2.3134286764907337, 1.245156491522287, 1.0711403789145728, 0.3602632232644951, -3.3202812079278994, 1.0421825110512302]",40406.57688798907
"[-1.5144143148927198, 1.8591964026142795, -1.1506977384753343, -0.6182463886882827, -1.3022515729120732, 2.202037207186831, -0.047236575646778745, -1.5090198338817133, -0.8614028324594238, 0.052407791494615386, 0.12222383523793467, 0.37671910816420096, -0.5528176246728794, 1.6505106447045843, 0.6222641755182042, -0.12402799970690781, 0.4796886251399728, 0.35121030045251483, 0.9693754928776672, 1.9831210042700345]",3521.3249401544617
"[-0.9127447389377776, -0.023708705560476995, -0.5846386845108777, 2.9716619645945572, 0.6235658823331227, 1.6796994229486666, 3.098744295029692, -0.099836930297286, 4.1992995534964255, 0.5880318764252266, 2.4587923217982173, 0.36393381611161146, -0.09359851978081851, -3.2329135198616115, 0.2624139103947163, -1.170118768286413, -1.7050209903116738, 1.6512858833560153, -1.0660242847250903, 0.09756378307949576]",45584.832782567064
"[-0.8483184672750812, 0.09647060968495524, -0.10401670008394773, 1.6477007434396715, 1.2738400189140129, 0.04372097228116423, 0.0388578720538314, 0.8079744991778258, 0.028261814707938093, 0.2809415722739038, 0.5157486708601873, 1.1312202738216324, 1.669561470285862, 0.6475355811523094, 0.7503513455244615, 0.07689550688055191, 1.8161880861419473, 1.2167879041629446, 0.923681766034453, 1.3522234718539956]",927.9377601797436
