Best individual,Fitness value
"[1.610305818943174, 0.20209179315251324, -1.4234621925733972, 1.4130896862210183, 0.5437125547930666, -0.5320695866224259, 1.62239781584976, 0.5884695247881775, 1.3777336638362199, -0.40885669597195784]",44.83889819491679
"[-1.5017875021426672, 2.5403930747172323, -2.644592019475662, -1.376773025070599, 1.4636790402462774, -0.5237443735110773, -2.637241690977756, 2.576164000182203, 0.6611273909620832, 0.46914059543182063]",64.83873946958064
"[-0.46095059355803825, 1.2703981695318867, -0.4635254729930194, 1.461319254936422, -0.4435088808555328, 0.7933481118524424, -1.5933154569126446, 0.7312866629897601, -0.5095380470427061, 1.4510161401296726]",43.903766169157734
"[0.6904142440547147, 0.7871556316576314, 0.3145326813289403, 0.600110520427912, 1.2251060689956066, -1.3931525365756596, -0.4721898803031823, 1.673842288491215, -1.5241680449430692, 0.4279547166428147]",51.98824157654709
"[-0.9092818685455735, 1.2003196961568499, -1.562603913672533, -0.8006683362093163, -2.941475556940788, 0.28695112565982184, 1.4116485502245542, -0.5779764769251301, -1.2890416926248605, 1.343296486644003]",56.386910315392086
