Best individual,Fitness value
"[0.09912928282059164, 0.3812869124658579, -0.42021916596372344, -0.1962655313057589, 1.4460962495525929, -2.5857979098990187, -0.7613389344310242, 0.43555033432838386, -1.0069428619015905, 1.2919729045668182]",56.22856433732499
"[0.017062107996518472, -0.37926666360144967, -0.5391224825537476, 0.5070612947203245, -0.4841423437555884, 0.29915598543516886, -1.4836614511158193, -1.3129032004975296, 1.1506572985691088, -0.410018135564576]",53.689288981415906
"[2.660540275171685, 0.9122533913280457, -0.24908933916035458, 0.4166443558798982, -0.2751914078201302, -0.40323689267806834, 0.5388396105507249, -1.4017359489288306, -1.3780133474197225, -0.5452237706695229]",41.28601111847699
"[-0.6475907258488487, -1.3306655093739252, 1.3904639332235833, 2.6787847577799058, 0.29324535241629446, -1.366026560593792, -0.18759951739615843, 1.5596103696338908, -2.1646918247730715, 0.5189451539477471]",61.61486478649503
"[0.8974966416909531, -2.8454347389548564, -0.13658812129922726, -0.4121400114579945, 0.6949799368742395, 2.910205052783967, 0.7208586817774432, 0.5941044187554967, 2.6038724829395132, 0.6109344308781148]",1.7976931348623157e+308
