Best individual,Fitness value
"[0.7335109545239956, 0.5377907632450808, 0.2891156114802806]","(0.28466098531088097,)"
"[0.9125595031104167, 0.8333186057597252, 0.6916706852316757]","(0.03621501006227815,)"
"[0.9142887375943358, 0.8370945347143273, 0.7007282566971582]","(0.03402165079454099,)"
"[0.8808582652831318, 0.7696134736267672, 0.5903618776989688]","(0.07161647852297354,)"
"[0.7185787302318424, 0.518047882851599, 0.2649826121861402]","(0.31291211287485654,)"
