Best individual,Fitness value
"[0.9610359458307522, 0.928583108146109, 0.8644503843856081]","(0.009588490144828876,)"
"[0.6765150788656366, 0.45742356890611724, 0.20739422050521267]","(0.39937721558255895,)"
"[0.7985099368055395, 0.6381311313579637, 0.4057500222369449]","(0.17178718700480552,)"
"[0.7969727478145873, 0.6294781556646757, 0.3879382271297849]","(0.18863766738119775,)"
"[1.070907894639613, 1.1493027754869116, 1.3226228635537791]","(0.02822184973240799,)"
