Best individual,Fitness value
"[0.9153814557182058, 0.8386406158677554, 0.7034360812096253]","(0.033250008445049564,)"
"[0.8966155281843867, 0.8029581347672629, 0.6441635644774639]","(0.04963968150825675,)"
"[0.8714593792718506, 0.760603207886992, 0.5756591573847583]","(0.07478534699148887,)"
"[0.7836486692900622, 0.6133959815296646, 0.3757046000696973]","(0.19635112302224766,)"
"[0.6612561942374341, 0.43927091477838803, 0.18834283428044055]","(0.4316997895907346,)"
