Best individual,Fitness value
"[0.7335015488387581, 0.5380618394362127, 0.2876214026011213]","(0.28476531308077513,)"
"[0.5476976251991046, 0.29908606805979526, 0.08335731085115249]","(0.6996514917954616,)"
"[0.7774493943009213, 0.6053148049461148, 0.3640002145666323]","(0.20596268217921496,)"
"[0.8386278392302902, 0.7044124129899458, 0.4961968723374377]","(0.11353748796127927,)"
"[0.7342831981379644, 0.5381606961111028, 0.2855342616729543]","(0.2856700195807127,)"
