Best individual,Fitness value
"[0.7190704520105552, 0.5161403485323544, 0.2618832541994773]","(0.3151674511198416,)"
"[0.6505348824237105, 0.42299637648138055, 0.17387629250113162]","(0.4576129087304258,)"
"[0.7849531267941843, 0.6153316873923598, 0.37643866166628837]","(0.19476361272277828,)"
"[0.9750097799109475, 0.9504600272889091, 0.9031524520735432]","(0.0030870272319415944,)"
"[0.7782291654345198, 0.6060285462593868, 0.3669952640790391]","(0.20441843794899672,)"
