Best individual,Fitness value
"[0.7989472072483474, 0.6370584043530667, 0.40584406927278827]","(0.17230714305412692,)"
"[1.0241139417919936, 1.0489270965462774, 1.1004893817346693]","(0.0029825529325749754,)"
"[0.786135900348669, 0.6212175676678443, 0.385444513063012]","(0.19026484115638725,)"
"[0.8479000007136885, 0.7190796438575724, 0.5170755343485625]","(0.10205276553026846,)"
"[0.8117010751860241, 0.6603466733801467, 0.43461265827417644]","(0.15125111600880806,)"
