Best individual,Fitness value
"[0.37731927267632376, 0.010449198864473716, -0.006534304879627082, 0.02719403512654079, 0.3058574378162891, 0.4902806491862638, 0.4929631067803196, 0.3789253350602614, 0.12817156945176073, -0.37980972932343515, 0.6291254315009487, 0.7255938692823858, 0.6741839167405934, 0.4998737385326122, 0.24106540906686139, 0.08743438646627288, -0.018270652567444836, -0.03395870278320389, 0.08369112568343709, 0.07248266355488417]","(101.27949195364675,)"
"[0.6369126987986613, 0.4559881044955645, 0.16915083555855184, 0.08895545633733806, -0.07335169861329355, -0.049117449595128024, -0.05501791915671707, 0.00860975534275674, 0.16428947598893945, 0.0442326610898014, 0.09651478069573688, -0.24576222359087246, 0.08574144275954777, 0.31833866184814674, 0.5291180335862186, 0.3699004133830268, 0.34193810897927224, 0.4872484009703771, 0.4695245077732515, 0.37975012263749053]","(80.04888234535012,)"
"[-0.5333834103319652, 0.45353371925451624, 0.2618541426748576, -0.17682800877804944, 0.2871703382201881, 0.3868206240918464, 0.3958292284667712, 0.27446296897748673, -0.011001492402548305, -0.28265471443545365, 0.041684285787686085, -0.19447664399585174, -0.1646541884891841, 0.6151741022386193, 0.5376341938714791, 0.13982165128878596, 0.0002814087162248193, -0.07611010899050426, 0.19550487963649882, 0.4932429290642029]","(130.1856121779353,)"
"[-0.3539424240889449, 0.3214694051457901, 0.05989803904509048, 0.29113751677474276, 0.10936533807750815, 0.05293311148400642, -0.1507041668164055, -0.15255336370190792, -0.00045111962292620496, -0.09521078346979983, 0.12266957694702653, -0.1458204590050063, 0.09953940096568174, 0.0010597860694155157, 0.05208846952473624, 0.07418319303524996, 0.17293589136702756, 0.25400216933320297, -0.14251438261652455, 0.11143628896498672]","(55.56457001265834,)"
"[-0.31614870488989205, 0.07709394662155414, 0.2624096349258305, 0.34191451309134135, 0.4245495824583812, 0.4227975359015167, 0.4609493217618936, 0.023148716833564297, 0.1569391244227225, -0.10112340551377601, 0.4530912335418656, 0.5432303369171942, 0.07871443611367283, -0.20919580775250027, 0.2593941604332297, 0.04315809773720119, -0.1310511392320137, 0.02465962132864351, -0.05004421527650517, 0.020127595215191318]","(107.1405536605234,)"
