Best individual,Fitness value
"[0.7385929740655504, 0.5739776164726413, 0.36046268525860353, 0.15539871625361018, 0.03482833767560557, 0.015253360208868165, 0.033105928959662856, 0.01618509852522118, 0.027496448680923234, 0.024069997160178238, -0.4514706681001371, 0.7192998311092877, 0.863404823008893, 0.7070387100110967, 0.472545796493867, 0.18295228495821372, 0.08401287087557946, 0.01960057741081169, 0.07023978676434191, -0.0033248360572970376]","(73.63746143560874,)"
"[-0.4407265345619508, 0.21190512375133955, 0.043589172128333784, 0.00982041545847325, 0.013308181622009268, -0.4052096937712259, 0.43559957747096595, 0.49479858014934014, 0.4907235289591952, 0.3816264448420627, 0.22332486307671506, 0.03715282389048809, -0.4454524097294914, 0.6313728974269678, 0.7448566056368146, 0.6942755852238331, 0.5802561087095087, 0.3758671838111769, 0.18402991456939613, 0.0922431192587899]","(109.9954834190427,)"
"[0.12002530152163209, 0.14316085481149285, 0.42204238421774426, 0.1734132836694109, -0.0073308487558758515, -0.5933723195855581, 0.7423907050575671, 0.8150498935311798, 0.7452317020092927, 0.7040950756525056, 0.710317281683749, 0.7058593005088051, 0.6860364211920242, 0.5165806838927743, 0.2799483523425693, -0.02280931351567376, 0.02341023579763017, 0.2293112942499669, 0.3137389512502813, 0.17101316095976252]","(114.69040400178972,)"
"[-0.5973684426803287, 0.3118249959698009, 0.06781789740274856, 0.028276161164457816, 0.07100182606045131, 0.004917446269334288, 0.056222340850224366, -0.6507409533298544, 0.5996729378940139, 0.38226943166750377, 0.14228899960341573, 0.06163754726746562, 0.012644664536114692, -0.040492753782271754, -0.11968367061867857, 0.2422454838383661, 0.09048232794600439, 0.13363591945766337, 0.032778522732150275, -0.1831271235442744]","(78.03586525886855,)"
"[-0.5340293171867164, 0.22206203635696198, 0.08574907446858902, 0.10379109566598424, 0.02367021373969258, -0.2592907948376831, 0.35487449628756595, 0.15398866146496626, 0.04113773353620785, 0.09694059678458898, -0.027386365083900042, -0.17896479385724057, 0.03522286224429036, 0.30328419594178074, 0.14945350207878175, 0.010092813623029603, 0.011362537399882657, -0.059330387551890754, 0.020746002343207365, 0.021148191669156356]","(49.420431399141215,)"
