Best individual,Fitness value
"[0.09500700214906788, -0.24639444389366771, 0.6528111413369704, -1.1131006843234659, -0.17145170457255254]",81.57573989384767
"[-0.05754338019728522, -0.008105306073425078, -0.25986095437284185, -1.5937488722130533, -0.1557249758725674]",256.26746555006554
"[-0.19943383029987793, 0.7575553021432688, 1.0593290137175142, 0.9906845332768957, 0.22943558963389757]",20.92562581704747
"[-0.5951252852690601, -0.8155822197616664, 0.5420866459429168, 0.7399698395634948, -0.1929656651547479]",27.19084518345764
"[-1.4237429277161093, 0.17399289425400044, 0.5569173626066992, 0.12033625867627407, 1.3442952429070636]",37.741876201084416
