Best individual,Fitness value
"[0.962310635187727, 1.3924606988746215, 0.5983935031958652, 1.223431192454013, 3.350380371668927]",53.55032061637095
"[-0.7009206883603538, -0.523688496967498, -0.60974155489783, 0.14537590504707976, -0.2665446256187175]",12.560528354874695
"[-0.02506246830151526, -0.47776519526831956, -0.749712860378952, 0.7988397628078102, 0.7844059679229979]",27.418462231319012
"[1.453709179934262, 1.0485543624477263, 0.4069966156942979, 0.3614671570378807, 1.058580631122179]",14.880259414351006
"[0.6738331387257985, 0.9707907870431132, -0.18418096928482275, -0.23437208071476578, 0.786239689590772]",9.884236784937503
