Best individual,Fitness value
"[-0.06261362567066076, 1.0648706679744957, -0.23209489757299773, -0.8025781035840983, 0.30791659485870615]",39.01428861342386
"[1.3883536172154851, 1.218802852275891, 1.3808083234106752, 0.3277939148321717, 0.4940110607278149]",16.65784466018549
"[0.3329771077059229, -0.6232591677188177, 0.5924255020108001, 0.43627539959796624, -0.3953680119649059]",8.9938606676504
"[0.5357049214694858, 0.7601173400609098, 1.5830887982153448, 1.6866936175560983, 1.8747946015791799]",29.23719657795954
"[-0.4603979447965806, 1.547653514904905, 1.5162343531919749, 0.7550449050941381, 1.009156773761]",21.198689693303233
