Best individual,Fitness value
"[0.5173298714391181, -1.408750369119936, 0.47206526425766193, -3.2188390526509694, 3.5998533061188667]",31.055458168901644
"[-0.49822934157082166, 0.46531736245716215, 1.5338650700027632, -0.6833730507491291, -0.5069147710231166]",10.578482402744516
"[2.50323008467128, -0.5406467807177768, 0.6039322316064364, 1.6494458590050156, 0.43456972492028]",14.612486231847276
"[1.536537421437804, -1.2948838799197915, 0.416441176519015, 0.804760272859075, -0.5913537630741911]",15.688103582068443
"[0.5528304238298012, 1.5159488218112613, -0.6599836622546775, -0.6022999009043157, 1.4189830059834196]",11.620563998524808
