Best individual,Fitness value
"[0.7034077002673251, 0.8515938496566211, -0.5496558999090126, 0.4999169478497958, 0.7723858135031246]",10.750652775080884
"[-1.6884404258758923, 1.5057894036734607, -0.5978184245079841, -0.4173329078294419, 0.48469636302982777]",17.86600395902461
"[1.584177097505568, -1.615255834446545, -0.46961569176449003, -0.4319686741352992, -1.3670388538225875]",17.32765026100806
"[-0.6176733396329078, -0.41672023792660795, -1.5018670793079114, -0.4008226187456876, -0.3700328895046001]",10.773668769868387
"[0.5502343891713011, -0.9139867626547612, -2.5305248056351397, 2.9096491555135726, 0.5377304740867166]",17.98144375485444
