Best individual,Fitness value
"[1.1640794808989812, -1.425599930280272, -1.6382797131544828, 0.2905548413977039, -0.4789058810048551]",8.765742732189455
"[1.5236591609879386, -0.5372906616798061, 0.49984110195066545, -0.7825905308951825, 0.5651436143096817]",9.608298955902173
"[1.3961336476785862, 0.5862105605353671, -1.4947804722716032, -1.3494607402590226, -0.5861957258708681]",14.714466305858771
"[0.4309825218419556, -1.5168885492208397, -0.578172531361111, -0.5309423532637814, -1.6980893438717468]",12.785993428589315
"[-0.5988158285547185, -0.46139164768142826, -0.2804543393840503, -0.38532760919250775, 1.61254832950925]",9.997927868876056
