Best individual,Fitness value
"[0.06004469153675017, 0.038222426364817604, 0.009176772648780997, -0.01987499050936628, 0.02478757400076015, -0.013033190952361218, 0.006241515845556769, 0.02622221803512432, 0.052668947215988325, -0.03574203515536557]","(9.375465823837152,)"
"[0.27765732009205785, 0.10251133082285341, -0.013511280268879234, 0.04766668265175968, -0.004202785089535186, -0.01568731156032916, -0.04850931989529089, 0.02759316703528445, 0.04173812755081164, 0.03298161430699342]","(9.208213232933854,)"
"[-0.042493873906562896, 0.004369923369179354, 0.04444115895775152, 0.039367995063812666, -0.028558840536212243, 0.060896253370150276, 0.025854112689384777, 0.046843987569725166, -0.004531769513744651, -0.031045097722858326]","(9.87310677364643,)"
"[0.10488736545845784, 0.02855776555123541, 0.024616164365439886, 0.00640743728567943, 0.04020618259236247, 0.02776862046827163, 0.023258875501029903, 0.005097710559088789, 0.00592767663746745, 0.04777978725978991]","(9.08663490505116,)"
"[0.4187661737692658, 0.23374963755867254, 0.09550050932856352, 0.01337293933165898, 0.02973122541329845, 0.059323397643794774, 0.04403656784202437, 0.03832070695588753, -0.004837706424745888, 0.028618614915293144]","(8.711984718215835,)"
