Best individual,Fitness value
"[0.24537888426594695, 0.057119980506518564, 0.006498485831939933, -0.014487235905234524, 0.021685049517657876, -0.002204367955313527, 0.06687387477990393, 0.024164595566506953, 0.02957881570421653, -0.005281176965820916]","(8.844648009896561,)"
"[-0.1774296000196029, 0.09178965846402984, 0.02436620127123914, 0.02733369515364772, 0.044659944125833385, -0.020404801352285163, 0.05663318765829268, 0.06674300439350277, 0.004958463549195586, 0.041887655609315635]","(10.412664407551178,)"
"[0.3704426670299698, 0.16664495341289218, 0.08805766043138667, 0.03311772099248917, 0.007456060199562659, -0.007818845789309806, 0.021017261791975887, 0.038550368574471104, 0.049550997474853344, 0.0378437220162433]","(8.71427794749143,)"
"[-0.24686525065543122, 0.08450114107073689, 0.021481929130863813, 0.005427056748415031, 0.03186173872156994, 0.010093277459978622, 0.06983115782306448, -0.021575923816511588, -0.09453172374875038, 0.13813200080993618]","(12.679419290049989,)"
"[0.3210798882757879, 0.12616929029117954, 0.036398046671926705, 0.005702712360610503, 0.14301861162785956, 0.06390948303719476, -0.0048977842998199055, 0.023077763747073425, 0.00359483323302052, 0.028021940975057173]","(10.180423858473713,)"
