Best individual,Fitness value
"[-0.3968927799013691, 0.19515090609317248, 0.09770075165289298, 0.017083215175254483, -0.013975413169525386, 0.024937930319176474, -0.021805489722757802, 0.04290235257560263, -0.005477412223127773, 0.03428433823543616]","(10.266607723449056,)"
"[-0.013474954772448484, -0.06934267886700159, -0.021785422124895325, -0.06537013174591866, 0.27558480633366433, 0.24427088553815543, 0.22563578621672087, 0.07827407103047851, 0.004189081890548068, -0.02332460388338173]","(21.952627617673922,)"
"[0.1390058286174183, 0.020915778128590273, 0.05909972817777298, 0.03298327239103277, -0.030613013558667353, 0.021511090475470337, -0.04023520671757598, 0.0797757134794246, 0.017737847483608737, -0.00420956500866214]","(9.799312752205319,)"
"[0.47355471825824613, 0.3326450826841135, 0.25877865031288233, 0.0932329055892855, 0.07145000282443259, 0.023198512449137728, -0.019976570555972604, -0.03573819925418642, 0.01181006663381096, 0.01172207893390784]","(11.06187113493541,)"
"[0.2808479339975516, 0.10951543507708, 0.029206729930822902, 0.039523528880822285, -0.048452733727883966, 0.04122756045918309, -0.0037721113143935714, 0.08114997270163725, 0.08992772429781638, 0.048474338272367655]","(10.06703761344616,)"
