Best individual,Fitness value
"[0.656125104256378, 0.43476664263389464, 0.18914997657904936]","(0.4395606230053358,)"
"[0.6650496225996221, 0.4481344207745627, 0.20145269630018048]","(0.4202013970818544,)"
"[0.6710267591041855, 0.44913972233505944, 0.20127384857102654]","(0.4118202470817818,)"
"[0.8730110266432379, 0.762065419135427, 0.5806644556721577]","(0.07274037827892725,)"
"[0.8234155618972004, 0.6801181369596775, 0.46245140226025205]","(0.13395074544093394,)"
