Best individual,Fitness value
"[0.6253087250636012, 0.38899141071973514, 0.14842428821297454]","(0.5149681494302369,)"
"[-0.6328258907721409, 0.4123382171589036, 0.17207630584910366]","(3.025977209109703,)"
"[0.4315494881886163, 0.1890307936470918, 0.03217229510210614]","(0.9828563124402789,)"
"[0.433496654744897, 0.18747520879334245, 0.02898649824520684]","(0.9849374240253068,)"
"[0.6113858622021934, 0.374421756015526, 0.13632252980635748]","(0.5439056722233123,)"
