Best individual,Fitness value
"[0.9997042408523655, 0.9994110791471312, 0.998821234476336]","(4.3509269280328575e-07,)"
"[1.0022998050562566, 1.0046163718798156, 1.0092554951212254]","(2.661336232750714e-05,)"
"[0.9655185126105993, 0.9326123626764563, 0.8696121397362666]","(0.005747356120113435,)"
"[1.0037891157361376, 1.0075882497465505, 1.0152400498966232]","(7.194437781747189e-05,)"
"[0.9999999898643995, 0.9999999796752207, 0.9999999593021592]","(5.163472368912849e-16,)"
