Best individual,Fitness value
"[0.6824912186966159, 0.4755629711147749, 0.2195680448847591, 0.04422123653171509, 0.004575913553920698]","(1.9145992121206028,)"
"[-0.9416228910930633, 0.8940204026076445, 0.7997947358365806, 0.641580447911536, 0.41119615292341344]","(3.955514794859071,)"
"[0.877812204251711, 0.7696113251728457, 0.5885000247130611, 0.3513085876697842, 0.12278949975568453]","(0.6621915132481742,)"
"[0.7201725356621559, 0.5196979286221022, 0.2726595459876126, 0.07708408087853968, 0.006584647854888544]","(1.6913564324821126,)"
"[0.8398876134013487, 0.7009628857675319, 0.5011328469184763, 0.24681046206903004, 0.061069653552367355]","(0.9446450613904721,)"
