Best individual,Fitness value
"[0.6891816453475972, 0.4716360115378374, 0.24545427108530912, 0.05984883528200011, 0.0031580496978999154]","(1.8831095858517752,)"
"[0.6218664128127215, 0.3836632514645886, 0.16151501902432766, 0.027656875835245454, 0.0017175971194538183]","(2.193133604150966,)"
"[0.7638582427536278, 0.5915498028620126, 0.3599678421925379, 0.13604184186090032, 0.02339876307308797]","(1.4018181269120387,)"
"[0.8463795435423254, 0.7179548524405164, 0.5130976210460254, 0.26953714694656244, 0.07046235810785173]","(0.8790186479928153,)"
"[0.8670101169391873, 0.7581967725121802, 0.569681954351244, 0.3267908024319426, 0.10561437831961437]","(0.7220817647838278,)"
