Best individual,Fitness value
"[0.6530542845641246, 0.4273697150714446, 0.19497141555659225, 0.04752611405162947, 0.0033263136741360708]","(2.0279901238686477,)"
"[0.6488747361989907, 0.4224701192899809, 0.1888686857521332, 0.035055478201299575, 0.0005268837238605445]","(2.0569642408097946,)"
"[0.5900675929578578, 0.3464379129646803, 0.12202526541499922, 0.020123783578836454, -0.0007397268470137651]","(2.3297609456681974,)"
"[0.9699812999263174, 0.9445414521057326, 0.884049324062379, 0.7777079317770205, 0.6041444994091989]","(0.07628150157624095,)"
"[0.7020880079468221, 0.48541833921601124, 0.24283151519583987, 0.06839752220312299, 0.003693940738331215]","(1.8145468639997588,)"
