Best individual,Fitness value
"[0.8343799452041833, 0.4135922426952009, 43.169312036249465, 163.80573601230256]","(6000.1291137824055,)","[-0.0012122229045685717, -0.0017570058693809898, -11.120383428642526, -76.19426398769744]"
"[0.9060272634999458, 0.4484070994729544, 46.89634990263684, 125.05455482127786]","(6149.408350395535,)","[-0.0009277103790547025, -0.0010159214017989027, -49.18195472238585, -114.94544517872214]"
"[1.10909943780245, 0.5461873389817812, 57.245663920310314, 49.57097633611076]","(6731.650408090756,)","[-0.004258124140460673, -6.370518202081232e-05, -151.3574145808816, -190.42902366388924]"
"[0.9660218356374063, 0.47912203355079136, 49.97449618945815, 98.55437402484648]","(6305.383499661368,)","[-0.0015140591808638915, -0.0023653399033606304, -52.7601952329278, -141.44562597515352]"
"[1.016624276706794, 0.5010424798464346, 52.48805922187304, 79.75637320679564]","(6440.534731065729,)","[-0.0036047337246443156, -0.00030639486976580255, -15.042915005236864, -160.24362679320436]"
