Best individual,Fitness value,Design constraits
"[1.0561127133961001, 0.5241818368897377, 54.688657940751234, 65.0125581261856]","(6564.489486813401,)","[-0.0006216151396012393, -0.002452040134971023, -1.6699994585942477, -174.98744187381442]"
"[1.1295707967703856, 0.5573078164487705, 58.40289555785419, 43.07530581696695]","(6801.141858872679,)","[-0.002394912503799862, -0.00014419282684152712, -13.551300121936947, -196.92469418303304]"
"[1.2158435898123938, 0.6019031850753204, 62.97893143050862, 20.036777669466332]","(7140.773506885171,)","[-0.00035021320357753183, -0.0010841792282682006, -15.091521731112152, -219.96322233053365]"
"[1.03988368242374, 0.5142720567570037, 53.851946319119634, 70.44788486950736]","(6503.815321017848,)","[-0.0005411184647310385, -0.0005244888726023689, -4.237428522668779, -169.55211513049264]"
"[1.2012170153186037, 0.5988347357879839, 62.220552632278356, 23.5981682645165]","(7108.997342946553,)","[-0.000360349515631464, -0.005250663676048317, -7.009405998280272, -216.4018317354835]"
