Best individual,Fitness value
"[1.0292805813484887, 0.5087532788689111, 53.32447128713592, 73.97961593419677]","(6468.447706756642,)","[-0.00011828550676540317, -3.782278963437857e-05, -6.786925517488271, -166.02038406580323]"
"[1.1182892856130329, 0.5552769899731219, 57.91712517728542, 45.7939958397379]","(6776.271350224821,)","[-0.0004887696914241957, -0.002747615781819035, -368.2788165365346, -194.2060041602621]"
"[1.202595728762661, 0.5951188004655062, 62.26239974258717, 23.40135339759647]","(7086.395433321588,)","[-0.0009314137307285808, -0.0011355069212246605, -33.45563938189298, -216.59864660240353]"
"[1.150481114965522, 0.5687427878368099, 59.58702601809834, 36.736100015497335]","(6876.846219685682,)","[-0.00045151281622390904, -0.00028255962415169034, -0.3095903166104108, -203.26389998450267]"
"[1.0240126342680638, 0.5076679815198726, 53.02175930440445, 76.07055935361828]","(6464.020121292678,)","[-0.0006926796930579737, -0.0018403977558542062, -236.67203107033856, -163.92944064638172]"
