Best individual,Fitness value
"[0.9039471481921462, 0.44977026891673483, 46.794253125750025, 126.0033073933074]","(6153.096859847639,)","[-0.0008180628651706101, -0.003353094097079623, -2.298339063534513, -113.9966926066926]"
"[0.917718367003164, 0.4548782419181771, 47.54121918893196, 119.13673548596411]","(6175.284992959559,)","[-0.00017283665677714222, -0.0013350108557662055, -23.647225430468097, -120.86326451403589]"
"[1.1861718707000224, 0.5884669195162577, 61.42784704238248, 27.42271313077889]","(7028.838810481784,)","[-0.0006144227820403803, -0.002445258731928912, -2.8074139391537756, -212.5772868692211]"
"[0.93888014393424, 0.46420382911826097, 48.6450791475961, 109.47209324683632]","(6221.330621199686,)","[-3.0116385635214904e-05, -0.00012977405019420907, -0.9179583757650107, -130.52790675316368]"
"[1.1165995238349278, 0.5509913056213278, 57.74770565244279, 46.70885296240129]","(6754.579496421895,)","[-0.0020688047427819267, -7.819369702355417e-05, -13.070652772206813, -193.2911470375987]"
