Best individual,Fitness value,Design constraits
"[1.0139795903681905, 0.5051519904711627, 52.49938096949821, 79.67519246715116]","(6445.740980726926,)","[-0.0007415376568749021, -0.00430789602214976, -1.989566870732233, -160.32480753284884]"
"[1.196709776841402, 0.6073339848429309, 61.899853009168, 25.17433352606397]","(7171.31636022135,)","[-0.0020426137644593556, -0.0168093871354682, -507.21004475001246, -214.82566647393602]"
"[1.1547663972899953, 0.5808306184568794, 59.762792331622265, 35.83632943645621]","(6960.336274419663,)","[-0.0013445052896854381, -0.010693579613203053, -191.03275036951527, -204.1636705635438]"
"[1.1939095621112628, 0.5918675624783422, 61.80188719924012, 25.60836424449432]","(7059.008435125849,)","[-0.0011331391659283874, -0.002277558597591378, -47.304698664695024, -214.3916357555057]"
"[1.0105501076582832, 0.4978268917153534, 51.97334671560753, 83.45106940960855]","(6441.904923114261,)","[-0.007464516047057668, -0.0020011640484575155, -251.3780883513391, -156.54893059039145]"
