Best individual,Fitness value,Dimention,Number of elite members,Maximum absolute value a mutated gene can have,Probability for mutating an individual
"(6155.248477265765,)","[-0.00042132360794311374, -0.0005791270273407534, -10.282507829368114, -188.21980256417868]",4,4,0.4,0.05
"(6155.248477265765,)","[-0.00042132360794311374, -0.0005791270273407534, -10.282507829368114, -188.21980256417868]",4,4,0.4,0.1
"(6155.248477265765,)","[-0.00042132360794311374, -0.0005791270273407534, -10.282507829368114, -188.21980256417868]",4,4,0.4,0.2
