Best individual,Fitness value
"[-0.8472011672091823, 0.7318681851934531, 0.5470552871012315, 0.3008783378152856, 0.10146183764937639, 0.022547970175358152, 0.006433025619443908, 0.012115649772641048, 0.0051151402997977055, -0.0055587955194258964]","(8.977536492472437,)"
"[-0.7006830274338379, 0.5023686336475714, 0.2588617788913341, 0.06923134566508549, 0.017259882874171982, 0.012037652393011763, 0.016642549837562054, 0.008220909638967464, 0.0011318047525484334, -0.0025485713983311314]","(9.527120462562063,)"
"[0.7548690017670269, 0.5751682810837436, 0.34552489763390093, 0.1470393751004139, 0.038738202670747915, 0.014242423035494403, 0.008211099563314294, 0.010672655409397207, 0.007862539366052, 0.01122639056268103]","(6.4215525161274725,)"
"[0.7653027099584735, 0.5828864007813376, 0.36148854691850746, 0.11638061887497246, 0.03311581914769094, 0.011606432597948274, 0.010120210085868553, 0.015099705849167016, 0.014569717805031704, 0.00555709629634471]","(6.423977380516742,)"
"[-0.8869893651483209, 0.8002375072369273, 0.6518131455246565, 0.457340335943511, 0.23853883416605104, 0.07657888892561611, 0.0019508146722455807, 0.009129512991594726, 0.015666963707519133, 0.0011447346067168882]","(8.691730939442527,)"
