Best individual,Fitness value
"[0.8918030964045466, 0.7842059238148644, 0.6716161095701502, 0.4582155511324265, 0.1904687430599598, 0.056064508625416565, 0.032023483549507174, 0.010271408429064197, 0.009078168727991867, 0.02705368348934177]","(5.49258140373958,)"
"[0.9064774328220416, 0.8423190289929072, 0.723388750863478, 0.5385005662716601, 0.3271916559883064, 0.12139318820997537, 0.033934526959911934, 0.04132042463658307, 0.02677259770202885, 0.020351776247442013]","(4.890774478931154,)"
"[0.7726938140621761, 0.6084012353025727, 0.3449994079535828, 0.13094384421201472, 0.032583142679741786, -0.003370824880965892, 0.016422469859924717, -0.00434090592009833, -0.0004915516203111617, 0.029363556728176476]","(6.540502754338065,)"
"[0.9260966726483644, 0.8183543922352332, 0.7096485212871145, 0.5393715265070247, 0.3349417729642197, 0.12261889549714376, 0.026648365864673403, -0.006355342285158166, -0.0016978469545890634, 0.00855304920018743]","(5.183319343815281,)"
"[0.25174793836273646, 0.0487423990942822, -0.048887931339864917, -0.01044112580816392, 0.013004346222384857, 0.009978838287236464, 0.020926764017691835, 0.025651330174201237, 0.00977450269764344, -0.018813997399198198]","(8.906665131291057,)"
