Best individual,Fitness value
"[0.7126143076615853, 0.5120083819160081, 0.27337866814455036, 0.08289232396364773, 0.01947040299877241, 0.01119541244095434, 0.011450911247504504, 0.010835456404775574, 0.011116944514842589, 0.0019194001569024224]","(6.647819927851459,)"
"[0.6151299977938604, 0.3775275831494856, 0.16895256287395644, 0.022209112689441302, 0.00928083430446773, 0.009982685876828643, 0.010687512858275893, 0.010246932347236698, 0.009534557250035821, -0.001617340298425296]","(7.205438276961479,)"
"[0.5584111910468661, 0.32040611992760004, 0.10398648749198323, 0.020281081934439803, 0.009957753553311978, 0.011022469866761492, 0.01038908612486382, 0.010676638617475984, 0.009797993369451134, -0.0027025752683356476]","(7.385814114645278,)"
"[0.6137406423955942, 0.37185984461560767, 0.13320703883247506, 0.022949963166965227, 0.011746706071091993, 0.010361943954696438, 0.010174335761039167, 0.008843746630478268, 0.013113516677609932, -0.005073798307715489]","(7.209995127454532,)"
"[0.8130427025600656, 0.6609191395601548, 0.44195931224499563, 0.19336224577723546, 0.04649157469475242, 0.012223760336846263, 0.00934926722479316, 0.011650737581819977, 0.01039131414523721, 0.00020937208437170167]","(5.988230833411153,)"
