Best individual,Fitness value
"[0.9596790729392357, 0.9208629083460346]","(0.0016272416145947843,)"
"[1.001234159608364, 1.0024725208179002]","(1.5238673490181667e-06,)"
"[0.7219794215409325, 0.5204454760971673]","(0.07736085925164389,)"
"[0.9457726392384119, 0.8943282734799406]","(0.002943090798453635,)"
"[0.8860937938363855, 0.7847536268392953]","(0.012991317943070568,)"
