Best individual,Fitness value
"[0.9462336761053343, 0.8952481496597695]","(0.002892028028179642,)"
"[1.0000000000000027, 1.0000000000000053]","(7.099748146989106e-30,)"
"[0.7556222989860466, 0.570569734634235]","(0.05973608886653582,)"
"[0.9453712862945839, 0.8934549198649555]","(0.0029916919916089875,)"
"[0.9999873845992132, 0.9999747526592134]","(1.59176220538459e-10,)"
