Best individual,Fitness value
"[0.9949587046418479, -0.9949585929464733, -0.9949586486669747, 2.382281165341039e-08, 5.04216750028846e-08]","(2.984877171281795,)"
"[-1.9891247958549592, -0.9951053700073961, -0.9950205476970884, 0.9951849728222983, -0.9948486640644526]","(7.959807760598318,)"
"[-0.9948576146814729, 0.9948373000042726, 0.9942435340543789, -0.9943447821109088, 0.9952607282282591]","(4.974994439093404,)"
"[3.316725905632637e-07, 0.9949610939580948, 1.7105664050970376e-06, -3.292388269890815e-06, -4.679124109039703e-06]","(0.9949590653861797,)"
"[-0.001562426054118742, 0.0002016328940541376, 0.9936530870401195, -0.0029253478940143886, 0.00037899168285711045]","(0.9975156014279403,)"
