Best individual,Fitness value
"[-0.9949586375899843, -0.9949586377619928, 0.9949586368788845, 1.7033082039760745e-10, 0.9949586372260725]","(3.979836228373159,)"
"[-3.1887371598911563e-09, 1.9899122322653207, 1.989912233706652, -0.9949586380938656, -0.9949586378159635]","(9.949580495294754,)"
"[6.919199911129538e-10, 6.094179804656155e-10, 0.9949586356209028, 7.500933865494986e-10, -3.933063337911594e-10]","(0.9949590570932898,)"
"[-0.994958636867674, -3.5527816708376467e-10, 1.7499820686153397e-09, 4.522431318953772e-10, 2.9848557005581213]","(9.949560298580298,)"
"[0.9949586390775583, 0.9949586365942831, 0.9949586371307823, -8.731224916146233e-11, -2.3372911349342614e-10]","(2.9848771712798694,)"
