Best individual,Fitness value
"[0.001401068632208002, 0.99617478163709, -0.9903180548588019, -0.9971069242950225, 0.003767813238844983]","(2.9935601347026566,)"
"[-0.9886822644639849, -1.9712200412420475, 0.0025568870949236673, 0.9934311273114802, 0.9921440068633333]","(7.044774974328043,)"
"[-0.9988345127443241, -0.9795339644648748, 1.9821549646968522, -0.00011960641432472612, 0.9736350635229652]","(7.116585643981242,)"
"[-0.007493394008437976, 0.0056889296296341535, -1.9890554051328801, 0.9877612269742426, -0.0046091887871909125]","(5.006973482824478,)"
"[0.996243455108308, 0.004714314253311419, -0.9919847560560613, -0.003532655373541795, -0.0075436926898152]","(2.0101712909459657,)"
