Best individual,Fitness value
"[-0.4550356402680978, 1.0987770875585994, -3.252799411670758, 2.6148959746358993, -1.20084549138843, -1.1313167313888262, 2.217631845526542, 1.4731984608353743, 3.677751120060821, -0.6018920960025742, -1.950548665235682, -2.814617484666629, -2.3293481841080173, 1.5859183034662414, 3.3311439604546758, -3.684337812207042, 1.4053802834326254, -2.5096072844645825, 2.4194066704334, 0.3666588074370384]",186.00499319510857
"[-0.284702044786974, 2.0950413228479463, -0.0027206492583444764, 0.5463363965528087, 1.6250427383345256, -0.13863386701322133, -0.39814210334539957, 0.6869242534085945, 0.2518874347614466, 1.2317489025063273, 1.3222182614973614, 0.49346890362704143, -1.342409536893713, 0.0015765336255514628, 1.523959652530474, 0.616814587290729, 0.3128532246525535, 0.09973327765033196, 2.7106857125049904, 0.604124285961976]",142.30928299300018
"[0.8009680968494037, -0.7361638434407569, 0.39110547014870356, 0.611862912365463, -0.12224805335100009, -0.7360530346131539, -0.5879736873184078, -0.9593643992577136, 0.7792779552465892, -0.5415530843711464, 0.5631384032594495, -0.5461941620001606, 0.03790016027387195, -0.6895638970838549, -1.4977008224698758, -0.1759290723661608, 1.7227980935238825, 0.6349669958527262, -0.2294956397431115, -0.3322724550718231]",127.94950994177813
"[-1.8267638519371026, -0.6261541824762391, -0.6636712286917853, -1.5020311333780536, -0.5547816621099269, 1.7869646688228986, 0.3952054486239427, -0.14607893120131887, 0.5891632584211517, -0.5012695105142486, 0.6343169792531378, 0.4193760274383333, 0.7937196240475715, 1.6431199815789372, 1.263268764766287, -1.5980019625861228, 0.2401870037507731, 0.6563845144769018, 0.3484903955179059, 0.6153995887589447]",134.36618639516124
"[-1.6448150330313052, -1.5566923724914625, -1.4751109223287742, -0.2004117048932833, 1.4619198663109114, -0.5024465146351611, -1.3807425969835017, 0.5679852857195047, -0.05094156955927753, 0.4985930154532906, 0.8197317621363123, -1.4211798619744307, 2.5629279986090827, -0.32886580579527924, -1.4110844961695501, 0.12790003733023053, 1.6742040467994097, -1.172764600852579, -0.6464070346948798, -0.19320775355029807]",144.77681229043702
