Best individual,Fitness value
"[0.44148718846814106, -2.4710643740147953, -2.843983274784364, -2.2989116082544276, -0.2191989571313776, 1.8734980292816266, 0.8651198249811967, 2.378202632765544, 1.48376139562181, -0.3366524210854119, 4.913118131859196, -0.09040150685074871, -1.42560138745747, -3.4853884761774356, -0.5129223895796529, 1.1086538303726095, 0.30287580144767956, -0.6286978440593465, -1.2980230081387811, -1.681206300243784]",181.5539202295208
"[-3.309647749090492, 2.459799140743255, 1.6293077706805659, 2.5319427312650142, 1.5958585612831704, -1.7589830318138198, 1.4569005754679836, 0.7716386428640662, -2.974995586135932, 1.2360165112023447, -3.368848142549707, -0.9727227790816564, 1.2119066784223649, -1.0572330931734388, -0.5961531992102269, 1.9996175794221278, -0.6542628263396668, 0.7885032620156213, 1.4429895517504603, 1.4282106047613348]",188.1676366931943
"[-1.8181006876478745, -0.9908193876847745, -0.601062549697378, 2.8368797292201586, -2.2713975542237366, 1.6758606202868407, -2.5596333255980435, -1.4688724879179895, 0.316116044757442, -1.545505440967216, -0.45818714597193566, -0.4295933026212455, 1.5869385576332178, -0.5398948565710375, -1.315658932304242, 0.6010029963623678, -2.360376534448675, -2.1040155159589777, -1.5227143567550012, -1.5062105492156581]",148.6725923952346
"[-0.1688506832296943, 0.5578097362975916, -0.7941457534900718, -0.3229472062828168, 0.9597942927413932, -0.3544031888768139, -0.3761592652670075, -0.10010385484602488, -0.21195315303669265, -1.5329930760041601, -0.8969946187482244, -0.38694388001770097, 0.06717050396770768, 0.6020182131798936, -0.2604687765732017, 1.09666752702266, 0.6206108885954291, -0.6216372289805647, -0.5417569690526334, -0.26081611541545824]",112.62717978049623
"[-2.7733980619624403, 2.3578194376322963, 0.4852694595960618, -0.35591310938936926, -0.8222479848961756, 0.5502379848676626, 0.25688353996477664, 2.39179389468564, 0.5078331441143666, 1.4241268701883627, 0.36229815036341206, 1.9526710824602342, -1.3859235113296213, 0.4333858535329106, -0.6770047824422989, -2.381441104887303, 1.6867210452091292, -0.4647738314233174, 3.6528431648236124, 0.07156053928726847]",165.32170353659
