Best individual,Fitness value
"[-1.4981097011370232, -2.4948258376307075, -0.6685172996368839, -0.29150160220238597, -0.2580620674025236, 1.429741219766863, 2.917769460340871, -1.5150040827194986, 1.3511155559661416, -2.5127788157619584, -2.5977206756248155, 0.1684505626654088, 0.3734102072878046, 1.1868013898251033, 1.1267618097620327, -2.451129823148961, 0.683076032375863, 0.504583587653959, -1.2558499155659704, -1.2101464208879655]",153.369024289835
"[0.65025314371678, -2.6551712426226204, 1.724213613189181, 0.5300590225064377, 2.489729444778327, -0.5393484552128485, 0.9222843547091849, -0.42456879553153937, -0.41711870076638924, -0.7692838625847487, -3.4575206433929697, 0.6038042574115066, -0.5744567448434083, -1.594546007997732, 0.6876319198543438, -0.7118268531070926, -0.08860508392866284, 1.1286257183569042, 0.051556610977093076, -0.5698503563109527]",150.70251362384474
"[-0.8810604975468723, 1.1784147383634536, -0.5362057745005508, -0.10339494968263174, 2.4158793159873446, -0.9102386999701126, 0.4852693873793159, -0.23597604902141694, 0.5361416217771577, 0.36265873328185205, -1.405304813477266, 0.40710397904598344, 0.5195637978637692, 1.3656638978460351, -0.2284451602260677, 1.630051654717523, -1.0875328572012903, 0.1271221358598524, -0.6995328669777949, 1.4007809707045853]",141.89113029170844
"[-0.571703266256532, 0.1753862758605682, 1.3844255834491528, 0.4198225037970028, 1.7040550326290766, 1.2203306750410639, 0.4760425920944503, -1.3275901772241183, 0.7218018198991429, 1.4779375590907398, -0.44855317779944603, 0.7879263392930369, 0.570795703817895, -0.9498891458449545, -0.5537210365356914, -0.5760656314977814, -0.7123647840773313, -0.18663698391494016, -0.030557681122342917, 1.7134376945576293]",146.46241522674157
"[0.17838087128215024, -3.2716751326411555, -1.3663600405532788, -1.415585151678725, 0.6440897837655286, -1.3958670409818565, 0.41160729044910394, 3.4670804852982604, -0.48533634478447896, 0.25105069168824, -0.41228148989630187, 0.40314984703291196, -0.26539554007642135, -0.40657099518617007, -2.23517111520496, -0.7860122486585983, -0.8014368357180595, -0.16783778143232808, -1.177469354205789, -2.80211574624273]",148.03429725029895
