Best individual,Fitness value
"[0.634046178658119, -0.36046827205902143, -0.1885909734221077]",1.7617307811349838
"[0.18338323978620297, 1.072209817847256, -0.3851269579784278]",5.90768916343284
"[0.41318052864200183, 0.46683584484293217, 1.0722935031077894]",2.1404418763691146
"[-0.8552983125169398, -1.2574212099886175, 3.4208000844596036]",1.7976931348623157e+308
"[-0.8382351193718031, -0.5208748487610521, 0.40587150161148233]",5.865203047881861
