Best individual,Fitness value
"[0.03999553979234016, 0.874560669052368, -0.24995200381452798]",2.495662413690123
"[0.5702794345735342, -0.25642984622736764, 0.5376986767019549]",2.007671165986659
"[-0.3212402716639804, 0.5661935766983356, 0.5536466647384958]",1.906362519153842
"[0.5385487576906969, 1.5875746282191536, 0.6963199885736686]",0.035468146245513935
"[-0.4207353825755442, -0.5304968361513389, -0.4163861505681849]",2.7286130757774614
