Best individual,Fitness value
"[1.3504059347907222, 0.1996138022598557, 0.9054181844898701]",0.8125660627008092
"[-0.6396097588831862, -0.5807336279096535, 0.6094533562987474]",5.4268363973196365
"[0.3259267376140259, -0.5147983054023159, 0.13762645555129882]",2.6528653038438055
"[0.8324603905723178, 2.0002511442634656, 1.9819375002636779]",7.1931011388301975
"[-0.683640309481521, 0.5050536088439475, -0.422376675946244]",3.0752621040743255
