Best individual,Fitness value
"[-0.03095480590718045, 0.14671776134748388, 0.11719002463766195, -0.16785445752044187, -0.003924298897339805, 0.1860001771757065, 0.09661153590121581, 0.12723887243520274, 0.06744820347992346, 0.20586975477925554, 0.011273648695496274, 0.0650882580304694, 0.036559698213733734, 0.08814041576517614, -0.007866437385471731, -0.0029557715844051695, -0.006436388162452302, 0.07712287645385384, -0.21218049258941213, 0.3781431550045997]","(51.49502750426354,)"
"[-0.5827809223862843, 0.37225686998635266, 0.11531425461305153, -0.15960053984703745, -0.10799010628146699, 0.16867424631971953, 0.048316105516431194, 0.080255317759687, 0.02219854073603531, -0.058587288852367435, -0.14482605368119467, 0.19129406679124644, -0.024843561688577525, -0.18468091674276793, 0.15641039248268396, 0.05656677065954949, 0.019746363765059918, 0.14062453330638502, -0.14241836693300447, -0.008313879660777733]","(43.4304544670287,)"
"[0.5817623322048519, 0.09095020117232486, -0.24622980435148034, 0.02276976055159179, -0.026181216360852928, 0.08541486287129002, 0.3821389942010647, 0.18980046829935127, 0.19026625755010929, -0.15731725720921946, 0.23058426980581345, 0.22586516637012743, -0.12598594932681928, 0.21149929526977376, 0.1391979534755104, 0.10474322697853831, 0.007269935514160454, -0.037736260645234256, 0.052156251713601345, -0.03135544572271498]","(66.23565481140146,)"
"[0.0188391238123227, -0.06929529759294685, -0.22658327916977902, 0.28109652079287284, 0.32919095822129235, 0.32313607709284314, 0.3367819961698996, 0.20615215963549294, 0.13466017765619107, 0.05428339714485837, 0.057607735443204335, -0.22924840936548965, 0.29641239525757285, 0.07384534691630419, -0.037267367158301125, -0.0990081617634267, 0.0535411768325817, -0.13710276465253532, 0.16367253065288656, 0.09767892559810801]","(63.517359776662744,)"
"[-0.04593500336935346, 0.01776758622170278, 0.028166631751850354, 0.17221398913019142, 0.11665761356092323, 0.08096838709195639, -0.05637540736237721, 0.01875832374367691, 0.09974837018514422, 0.07242278836340046, -0.022642188235074346, -0.08147667780111459, 0.2674516896509624, 0.14134607158657217, -0.022308132808520217, 0.04327956930657753, -0.2659903041394256, 0.2845976820101267, 0.2971447331163917, 0.20302638369448825]","(49.309137253082774,)"
