Best individual,Fitness value
"[-0.13576087784845056, 0.008506507700953058, -0.10599227834218351, 0.12507083673139122, 0.15016466797103478, 0.2814914330002493, 0.25900284320291067, 0.3266208616321499, 0.2503278926169632, 0.1234566136302795, -0.017324594617286446, 0.019747501407473163, 0.018636216588430416, -0.0030863730680705382, 0.2383307145584562, 0.13108619117854234, 0.019821181907865262, 0.07619037197852474, 0.06565213775836412, 0.1364319514473218]","(48.25536106260231,)"
"[-0.22780451331165552, 0.08659379298971369, 0.04569166951603705, 0.05941536083509758, 0.1747786517884625, 0.017307554777516217, 0.1608423688473076, -0.08712785305226049, -0.07181207320176426, -0.13497602685093518, 0.2371111757020116, 0.11879509259211882, -0.072488105018594, -0.20744197973618422, 0.07881304550309695, 0.14362716306804954, 0.118164873371123, 0.08310801120274225, -0.21424517931407713, -0.07884711151243393]","(49.09143270694004,)"
"[-0.3828006946233734, 0.14735265805500625, 0.011330188714279226, -0.22725909151541104, 0.22767946062490668, 0.17628879489699237, 0.21978952391434442, 0.16717119492668028, 0.15413546258112537, 0.00022995928594923755, 0.0827095362326025, 0.12687738185506214, -0.15837435450469603, -0.12364890323025482, 0.29764050726093927, 0.2855046210977452, 0.2636381034943886, -0.028450030032853492, 0.013057153585355363, -0.15530052756745935]","(59.591314499097585,)"
"[-0.03811504773868588, 0.16691059811192313, 0.09970293651195258, 0.12917209576640953, 0.04714367547459859, 0.025908793916759126, -0.04098679882389825, 0.09953077633551631, -0.020666915080823547, 0.24934155247109832, 0.28726339622248637, 0.18466663896072752, 0.19565838026702187, -0.014068113763311798, 0.060439124043682374, -0.20094014186140963, 0.10292666959147873, 0.009843746146241603, 0.10445439345566097, 0.09878812366193124]","(44.49745290128382,)"
"[0.5092857923960394, 0.21675187291751444, -0.0424915903632376, -0.15586393933628212, 0.10066017959350788, 0.1306993275919713, 0.3050851193995181, 0.14003032471049964, 0.021725245739893033, 0.07596577326858553, 0.10040438085978638, -0.05973407731925696, -0.11568867799467453, 0.0400131825858438, 0.12890973164999475, -0.16879405804887113, -0.10962377665366056, 0.2511205164116986, 0.1786178152589157, 0.013415602172623352]","(48.08427859764451,)"
