Best individual,Fitness value
"[0.36953467190576034, 0.10870995691650216, 0.08603243102400004, 0.029117608668858017, 0.09969354539078008, -0.07503411777697318, 0.059667153086162196, 0.23048384912788183, 0.11135253611305188, 0.08794508420312994, 0.2706675990838319, -0.002369240627973438, 0.07440914325495278, 0.05696874012468063, -0.13494002502254687, 0.10507085681927504, -0.0028246207478210767, 0.07681344225920553, -0.11541336828900757, 0.209397643991894]","(42.12653675409961,)"
"[0.27589032869183916, 0.10654005223200352, -0.0441097015333481, 0.0533948873683238, 0.19283584590872874, 0.33613510032432004, 0.3038701987286498, 0.032785005708104616, 0.141510656493362, -0.0969219270331878, -0.015939207218755896, 0.1039104177620737, 0.24896239551235452, -0.02826504474733142, -0.04314963777477617, -0.10431575263441831, -0.023130939675106345, -0.10696778128212772, 0.1864457965315397, 0.13304435715190724]","(51.254968767874956,)"
"[0.023545966350841104, -0.09951402026443218, 0.05218517258647209, 0.12319030697341751, -0.062166932634919236, -0.05120011136005429, -0.02473434753860878, 0.005225412904629211, 0.017665259350557856, -0.05566976238370961, -0.12644606338990644, -0.15002314800303124, -0.16227538039458547, 0.1885314011644347, -0.03589519818743008, -0.09883950498091892, -0.10727691754124848, 0.17387344169613012, 0.03767142244933745, 0.24730839223924767]","(45.902326921299604,)"
"[0.25327208234876003, 0.09113224885650972, 0.08624469630351991, 0.0981073628963889, 0.12436695225458184, 0.05607491571920003, -0.10172125524859904, 0.13895935985160615, 0.0659471965204798, 0.10630383617754993, 0.2186445268162413, 0.31088387149601426, 0.28010584702265817, 0.04360205611692747, 0.07668197464112961, 0.02419084679644582, 0.0978966165056069, -0.1022815993538795, -0.11342916549136563, -0.11973000791290515]","(43.69375313521104,)"
"[0.6617340660450792, 0.37505292326168754, 0.018783377286100512, -0.0686974216857599, 0.05546544735685106, 0.0778353714611019, 0.07466516030149725, -0.22825508535075031, 0.2322355991535786, 0.21403843382028503, 0.3191796930643744, 0.12345633582162986, -0.08244471570121994, -0.22727461945121977, 0.19151924721236943, -0.061197731939258995, 0.16129729508798102, 0.08740301081272267, 0.2078455863492671, 0.18204969300234114]","(56.36016571009277,)"
