Best individual,Fitness value,Design constraits
"[35.87896613961408, 83.1546341039602, 95.66955269067843, 81.64118257961523]",2113951.2616094835,"[-19.496867284510806, -62.24194657129113, -4719341.065350873, -158.35881742038475]"
"[34.90459180596671, 86.28106824781835, 92.35038489471518, 58.631035812263775]",1788200.0943176183,"[-27.924238961879166, -60.30725459960016, -19778.79024301539, -218.8946088156576]"
"[20.438037984254148, 69.79728543662259, 59.8102946525688, 58.33486886012864]",1061168.465371211,"[-19.28369929745957, -69.22669522563709, -255810.19300284702, -181.66513113987136]"
"[29.854379382725377, 51.26717038232431, 106.23833374382497, 111.07390893297166]",2683605.279167178,"[-25.617449837398542, -50.35822820972431, -5389039.133431328, -132.62476227015787]"
"[28.232161795995594, 78.51373735422871, 97.49048910759402, 146.96264819916792]",1032368.7406874862,"[-6.7365953562190315, -77.77447808814226, -3425484.3014214225, -93.03735180083208]"
