Best individual,Fitness value,Design constraits
"[6.68847732465527, 25.74028945379753, 155.18735720406733, 78.52905959661706]",599436.5151271453,"[-1.5462986309824815, -15.003431231224129, -12413383.329153853, -181.47094040338294]"
"[58.411150048107395, 32.178279106643345, 49.51546553584793, 121.90015810383564]",5028289.474678678,"[-57.45550156326553, -31.705901565431354, -151459.4616879851, -118.09984189616436]"
"[-0.7010776245982253, -2.101417178407756, 0.5576861297409241, 1.0442191346737575]",1.7976931348623157e+308,"[-35.05901088345911, -19.288062333130167, -648960.7438950245, -225.72378146264842]"
"[3.9396660043303697, 1.316757539736944, 2.7110524155491555, 1.1898536240119775]",1.7976931348623157e+308,"[-7.92942369509921, -28.208857072161212, -12516505.423791882, -110.45825103090058]"
"[55.18224790612683, 47.841772818237246, 137.99553829076822, 152.04468533859634]",5270666.653264854,"[-17.940058714424435, -67.98184961212516, -16889789.650539532, -49.20408493384019]"
