Best individual,Fitness value,Design constraits
"[29.92849064658128, 30.600342233703476, 75.46834776790789, 114.4183320470755]",828231.4693314326,"[-19.49320007240277, -28.094633289779598, -392048.8359807143, -139.31741425694844]"
"[25.82450338267286, 39.19402060104389, 69.98461666606879, 101.32011737405742]",1008525.0216446057,"[-18.95814818604793, -27.709177281931694, -1465412.5721975295, -153.8492745135102]"
"[23.120672216076727, 88.86973868956309, 89.35271980605079, 122.48836551268761]",1257756.282506304,"[-1.4257541088931303, -88.03193979098633, -4199535.972782711, -130.27486905386831]"
"[3.1800413141753108, 0.37582160374443596, -3.0373744222021717, -2.7480251911033102]",1.7976931348623157e+308,"[-83.56348416278233, -34.15860255059025, -2131995.5775009403, -156.6122948596486]"
"[0.8605702452960848, 3.8139376868689983, 4.275729054598813, 2.883331510007481]",1.7976931348623157e+308,"[-27.239656221971998, -29.599773481588326, -15846276.122579504, -43.36981873866401]"
