Best individual,Fitness value
"[0.8431501155346395, 0.4167695389741172, 43.686534483660076, 157.90362621146878, 387.1593866740563]","(6005.941057989902,)","[0.0, -5.551115123125783e-17, 0.0, -82.09637378853122]"
"[0.8345517704821772, 0.4125193725595848, 43.241024377314844, 162.97946413963015, 183.62493557879694]","(5988.981926590388,)","[-6.661338147750939e-16, -1.2212453270876722e-15, -28.585123121272773, -77.02053586036985]"
"[0.9218792933772506, 0.45568541237403987, 47.76576649623059, 117.12197000978249, 132.13917797126274]","(6179.140234306974,)","[-1.1102230246251565e-16, -5.551115123125783e-17, 0.0, -122.87802999021751]"
"[0.9232265393899257, 0.4563513567761601, 47.835571989115316, 116.50157722027153, 111.20938114448055]","(6182.376974433851,)","[0.0, 0.0, -2.3283064365386963e-10, -123.49842277972846]"
"[1.2570244063902756, 0.6213478153866934, 65.13079825856325, 10.411733938260008, 94.0183488254485]","(7311.1074652344905,)","[-4.884981308350689e-15, 0.0, -59.026239559520036, -229.58826606174]"
