Best individual,Fitness value
"[0.8747611634884664, 0.43227493647802484, 45.311825758930546, 162.34720272186263, 96.61896286635708]","(6664.469929542232,)","[-0.00024292634110689715, -1.1873782745919215e-07, -140865.09984656936, -77.65279727813737]"
"[1.0904832357067187, 0.5390622815506797, 56.49967153305016, 72.4823394185309, 73.35394295464936]","(7445.137897492382,)","[-3.95751188504434e-05, -5.541512538120852e-05, -186384.6740262038, -167.5176605814691]"
"[0.8976710133332291, 0.44427386489502213, 46.43036453156867, 139.62959944773286, 151.76647181562822]","(6423.668454561808,)","[-0.0015649778739537101, -0.001328187263857028, -68923.51198860072, -100.37040055226714]"
"[2.6385354007264517, 1.3043405001658643, 136.71136172928018, 184.74248257873438, 180.0267141633527]","(107778.5433734101,)","[-6.119351343869539e-06, -0.00011410926853128167, -20254329.159234487, -55.25751742126562]"
"[0.9008382337453514, 0.4452848056961773, 46.67555615259484, 127.12240364721427, 47.65239855815861]","(6129.857160616282,)","[-2.710054403110007e-13, -4.225508831723346e-13, -12.062959966482595, -112.87759635278573]"
