Best individual,Fitness value
"[2.5922959191420127, 4.185706078451536, 87.8101171787286, 66.16623174002055, 117.0684810814464]","(79876.31398667509,)","[-0.8975606575925505, -3.3479975605664647, -3142890.266467358, -173.83376825997945]"
"[1.9010791748396692, 73.19692203569291, 56.409582570907475, 90.79208685284112, 140.96364766495876]","(425290.89315880043,)","[-0.8123742312211548, -72.65877461796644, -363496.94343183446, -149.20791314715888]"
"[2.0617046074095264, 1.0191016670134154, 106.82407206014096, 103.7428800579674, 59.51128466198434]","(45303.83834288221,)","[-1.664880588947426e-08, -1.9559670549895714e-08, -7529351.975991942, -136.2571199420326]"
"[1.0278390888637843, 69.96519225244069, 47.591371782969595, 119.2610973659188, 123.8678146604306]","(286797.3282059971,)","[-0.10932561345247105, -69.51117056563116, -4120.228623857256, -120.7389026340812]"
"[0.9878855639127392, 56.050488093999775, 46.11579570998369, 133.69589855693476, 135.13354237287646]","(217047.6869721785,)","[-0.0978507067100538, -55.61054340292653, -8045.269675372634, -106.30410144306524]"
