Best individual,Fitness value
"[-0.00011579393106195718, -8.482178129659427e-05]","(4.087465899971221e-06,)"
"[4.38585063374755e-05, 9.820063003318358e-05]","(2.2947877909018644e-06,)"
"[-0.00014528843670890204, -1.7406162099345613e-05]","(4.2479124360284e-06,)"
"[-0.00014856122542924132, -0.00011530111238348322]","(7.016092952838449e-06,)"
"[-0.00046466968068044, -3.041484303153985e-05]","(4.3019900273222333e-05,)"
