Best individual,Fitness value
"[0.000267914655646758, 2.4102982381394786e-05]","(1.4355492696793704e-05,)"
"[0.00024382849251725265, -0.000198797202395044]","(1.963538965377154e-05,)"
"[-0.0004808262145603486, -1.6771948708957265e-05]","(4.592280300208529e-05,)"
"[-0.0004647025197453766, 5.519653981219687e-05]","(4.344686285584487e-05,)"
"[-4.4246394799013315e-05, -0.0001314300848322368]","(3.8153991983591595e-06,)"
