Best individual,Fitness value
"[-0.001229647154925911, -5.0927461669209354e-05]","(0.0003004882768653516,)"
"[0.0004782642188512643, -2.0920039272218083e-05]","(4.5466336120014716e-05,)"
"[-0.0003870204092825766, 9.688175521090168e-06]","(2.9734725330854417e-05,)"
"[-0.0004723105781451375, 0.0005012714074453691]","(9.410727437320077e-05,)"
"[0.00034699160875045537, 0.0003539937129222367]","(4.874783780550729e-05,)"
