Best individual,Fitness value
"[0.8792082127466351, 0.7920519983721095, 0.6607470583145305, 0.43155678060953584, 0.2180630250689477, -0.002830801686470652, 0.04958987994387501, 0.019304352215662315, -0.03849939551871086, 0.02258022867747026, 0.018953846864868604, 0.0077476642156908155, -0.02323951701130185, 0.01186749194903855, 0.007809672532454438, 0.02907188799403236, 0.013258326135404619, 0.009528195641661921, 0.002540965365130987, 0.018915451125774307]","(16.091664250012716,)"
"[-0.6249306767276452, 0.41044214498053977, 0.1950055645162634, 0.06131176653564463, 0.008910002364273813, 0.02470889048691139, 0.019622101220594337, 0.006276597765610049, 0.033717394653606646, -0.006924682185026461, -0.023803188486907045, 0.027569013234417662, -0.0034055029184737115, 0.09465067735509167, 0.4492439497003986, 0.6770678232080239, 0.8504283210865862, 0.9362102830971493, 0.9169741129432841, 0.9053611687509509]","(78.47679909546756,)"
"[0.25422459916307133, 0.0640588210585431, 0.027014321716188092, 0.037185658403671634, 0.004162450304094567, 0.02455758518920684, -0.04192504210403447, -0.024786877168410347, 0.03843199473267772, 0.034157411646755745, -0.04021219528783064, 0.0031190235374513268, 0.010923906101212298, -0.025360763826745736, 0.012151360403407502, -0.008298967945721575, 0.008672237751330419, 0.023418912968730388, 0.023076858103916076, 0.002691739346421383]","(19.360441471399497,)"
"[-0.7055611622244317, 0.4776108657929669, 0.32507618648228703, 0.15895871372435583, 0.06767765244899518, 0.018892578615215545, 0.00978676790392849, 0.0037413594914303128, 0.017902015557146544, -0.0036404144177834084, 0.011368293681612573, 0.01667959362735183, -0.03150719867118466, 0.008850533504803679, 0.02182561528630931, 0.05114891993804199, 0.03929717183539935, -0.011470287270079926, 0.027977685925733187, -0.013768845859888107]","(21.070891964236946,)"
"[0.7042001709934742, 0.480811651978696, 0.21039043447692746, 0.06364903784308247, 0.09689354501088591, -0.017505971292952487, 0.006529732908385766, 0.0458549691900758, 0.0211836021087341, 0.0038136145865701257, 0.0006856149685273427, 0.05654973865486005, -0.014235593760325526, -0.007350155621107059, 0.022514585392592323, 0.0426653879531014, 0.032610359048722615, 0.005412410064791883, 0.02118006174053543, -0.026859311626858562]","(18.33256850123476,)"
