Best individual,Fitness value
"[1.068009310810845, 1.0461707843519328, 1.038590139442888, 0.9369135553863818, 0.7797453878734143, 0.6266624167328955, 0.3602630557952269, 0.21055920056018618, 0.2674683947628278, 0.1006869789473957, 0.0296008640055484, -0.047333584804775786, 0.2815299656908188, 0.7172758498196468, 0.9418714271652618, 0.9861556769330142, 1.0582047609656189, 1.1636050190243454, 1.1187550423671793, 1.269633759668277]","(89.80824652934776,)"
"[0.11346474486948033, -0.011910743651136535, -0.24694485828008583, 0.061377949693006195, 0.01855346212735476, -0.16834202892990557, 0.15911577503161478, 0.1270743360784557, 0.20458078861868265, 0.04651882897966464, -0.021515738990042665, 0.08254679237546511, -0.43868592174446536, 0.7340067263191854, 0.8281312279605437, 0.8898658547054628, 0.8574266000899002, 0.6988844837623058, 0.6048386819811786, 0.31815769331548704]","(93.83908622005946,)"
"[0.2934496023673332, 0.04974557663770557, -0.09807923023151616, 0.10078531783006603, 0.11674592811202451, 0.026877826700057648, 0.03616018296691238, -0.020932404965171653, 0.0775129241443398, -0.013670653242541464, -0.004923141421280808, -0.14749930004255196, -0.009954850230945722, 0.11627902318923268, 0.10774734695614446, 0.1788437127458198, 0.070981490885267, 0.1589589641227782, 0.24110730697749805, 0.15597765649152842]","(36.124895328610066,)"
"[-0.8073082664853235, 0.681266016126145, 0.2895222871299101, 0.05448286603289987, 0.002343936505467964, -0.1280698102060316, 0.04562547630097971, 0.028464797074362273, -0.03641563607811593, 0.012670760748431513, 0.02600115056735469, -0.011222478077448972, 0.021039566644001972, -0.054596429305211115, -0.005273584447856916, -0.0989078476051567, 0.06260240500146944, -0.003943224320089589, -0.15435117500339535, 0.1831673921481048]","(32.20632594689649,)"
"[0.9920804431133399, 0.9826834806925167, 0.9832620641436716, 0.9024403815589248, 0.7754255508754029, 0.650741149574825, 0.7690251764038369, 0.7337690271000996, 0.6846482078971245, 0.5061781263686567, 0.2538850985084471, -0.03415528209265284, 0.10331443782937523, 0.4699095244088844, 0.4037664635754097, 0.17138039115734136, 0.0505248253852824, 0.053457831165756975, -0.047888398563049314, -0.020200680979372165]","(51.4597827778472,)"
