Best individual,Fitness value
"[0.2474351370198915, 0.036046405293007136, 0.4362547738676597, 0.7212887205555442, 0.7805496059974101, 0.7476155425901421, 0.6110255623769625, 0.4988292428541885, 0.3106627470670223, 0.30817654397646066, 0.45479363072178663, 0.5681311627937201, 0.7073808282456171, 0.7437261582506726, 0.7111902441697839, 0.6143939330310032, 0.3197597388660277, 0.12040658834709461, -0.006619550661679435, -0.22752646916555352]","(125.03037647456006,)"
"[0.2970339791109471, 0.05234484315132737, 0.0075975083811015975, -0.030256570665593063, 0.06825249263756361, -0.06992036062156082, -0.09814886533767955, -0.08305453830864526, 0.026700708917070888, 0.020898842385808032, -0.005396268112751734, -0.07023383468058272, 0.20247218812374695, 0.016917751863108788, 0.23210425070184848, 0.0703444397724727, 0.033478455812015806, 0.10745195129956064, 0.03530062509255002, -0.049073445206332]","(32.22376231335662,)"
"[0.39552407389007727, 0.18110220241773672, 0.03855391876310321, -0.011174127680080997, 0.024061516575384856, -0.04596688669909892, 0.06287982573199102, 0.008819311526334951, -0.030949839809854163, 0.06236415211067617, 0.06127969771762931, 0.1516359406173472, 0.07410077511051671, 0.1308733305601096, 0.002878421529185743, -0.0786272259885488, 0.0644610183824612, -0.008498458810924647, -0.07306628561980189, -0.033216276737349684]","(24.473521624985974,)"
"[-0.5927731224476688, 0.33367223957816394, 0.12904543007394753, 0.08535773122698798, 0.14691816683141756, 0.028315659710305696, -0.022258823448811443, 0.02919882645369315, 0.020824273106310305, 0.005518043246379362, 0.014544977812306126, 0.030754950984963406, 0.16246913022478626, 0.3212887197311007, 0.6825926788326936, 0.8180095951829758, 0.9047447136787756, 0.971850142619783, 1.0910978779010898, 1.1510735963279852]","(83.66215490350875,)"
"[0.758368395752671, 0.5093854467029529, 0.2790063586768109, 0.07475010289897407, 0.06366156002178207, -0.04212611630911714, -0.010489845403389576, -0.07733641890422804, 0.07310440892440762, 0.027362371147818754, 0.061333935798106864, 0.038371453510504416, 0.02167164311374442, 0.037400822314192075, 0.029598499676300738, 0.040736390268905465, -0.031063202550887008, 0.04555722817027649, 0.16177707994481696, 0.027459741725577646]","(21.747368638467496,)"
