Best individual,Fitness value
"[-1.9961994371260738, -3.055217924984719, -0.015348689031851492, 1.0290054861483844, 3.025496841897012, -1.0676292979325086, 0.06834549994562411, -1.004357083331766, 1.9959854253745686, 0.9801800107702336, -1.9827602466456824, 0.0371513444486995, 0.010148119953248949, -2.048166191879602, -0.014562321787778804, -0.013195030433326371, 0.06845313411069165, -0.9833406518996699, 0.01809773470015552, -1.056376229852062]","(46.19809085575324,)"
"[-1.9964865385293205, -1.8948147819348815, -0.03085906340915745, -1.0714302964849454, -1.9251838713323046, -0.04178250512810244, -0.05210376175628717, -1.1154351103890134, 0.9676702976608755, -1.0515177446129185, 2.0688137965014795, 1.0036108576801763, 1.9761675213533862, 0.09107260255509075, 2.1572173071486542, 0.9376782147941767, -0.0019090880933814725, -1.0170313598826675, 1.9831772405630836, 0.06569576388152064]","(52.74689984865321,)"
"[0.9964505159718358, -0.08628458864155697, -2.974361119020239, 1.9589871361804096, -1.9839678714599112, 0.022222492165144686, -0.9744532512722568, 0.06219101548193595, 0.9907005479600874, -0.9998303158578322, -0.011611845887633653, -0.04269132429242589, -0.9354917880864435, 0.02817175279892241, 0.05972336840807779, 0.06425552707904232, -0.9662553940531923, -2.955910303549081, -0.9944956922005987, 0.9357689522239383]","(40.185927607297494,)"
"[-0.09541133716010475, -2.000133514225964, -0.008295082936893523, 0.9583205983922553, -0.056031858269217374, -0.9888285329706337, -0.8606206356495285, -0.05972396450612116, -0.029203341216740064, 0.9639831431878743, 0.005468285995252842, -0.9899471645465392, 0.020681002109856676, -2.0916315049053424, 0.06191881093876036, 0.009412126963819684, -0.016079327336412375, -0.9992273113176298, -0.9360522476492097, 0.9748238952946757]","(26.677942067656602,)"
"[-0.1046311155179594, -0.048383419632020086, -2.990772370224659e-05, -1.0658332709086074, -1.9696931611458943, 0.01430173515185873, 1.0040929774675285, 0.05404903191639132, -1.0027956961544495, 0.9259105661003888, -1.0016806813810906, 0.979288812672815, -1.9751586632650384, 0.985035680139979, -2.0416685566863437, -1.0442632292201406, -0.10385352259373193, 0.06939705774343796, -2.9199457566328224, 0.10255879786793633]","(41.00557539035705,)"
