Best individual,Fitness value
"[-0.0018051971110042975, -0.025053115919089583, -0.013843531674843534, 0.020168461826147066, 2.9634262272829335, -0.9908644533650145, 0.002836301849708539, 0.0225840935551849, 0.9844566539057287, 1.0700827327003881, -1.9991453892197069, -0.9591498024365128, -0.004667629263178525, -0.0018447787766776346, 0.023732665157158044, -1.004274738230999, 0.012758887428585858, 0.9966395562421232, 0.975780828506024, -0.03557797091589432]","(22.223586931652115,)"
"[-0.013491215546578506, -0.9969188004508932, 0.008432900198082896, -0.01145008731176489, 1.116287786625186, -3.4891780428480956e-05, -2.0205945503704785, -0.0023868932282988843, 1.0232887000186015, 0.016358797946018855, -1.053772387997284, -0.0021056436722485597, -0.996750274106897, -0.0012719862015286298, 2.003580711227633, -0.9865739892574237, 1.9885673538765618, -1.0096182639958395, 2.0041977260564114, -1.9649312052775751]","(31.084348217019215,)"
"[1.0280144197433314, -0.9824387402734213, 0.0493872436154692, 1.0097657685611472, 0.9949937690266841, 0.028201138125813374, 1.0057932601355173, -0.9998009913174167, -0.017271355748603556, 1.014996602064008, -0.04487579236207921, -0.007502610510292607, -1.0003334909091746, 1.007112928244486, -0.014903340292471902, -0.034585912226578475, 1.0052092873993104, 1.0813887089419478, 1.9866179806366246, -0.029639554319707495]","(18.393416423142874,)"
"[1.9924876203280972, -1.9852491533351146, 1.9862816738016036, -1.0009688476632064, -0.023029309662336434, -0.0029638712277534895, -0.9901865039911043, -0.040896341382941764, 0.011825483111538443, -1.011661821747565, -0.018397929538483043, 0.00048398232723216236, -1.9855753931191522, 0.01814409781867386, -0.018453994478684344, -0.9904083887619034, -0.017255410815399053, -0.036828817916732204, -0.002265564031108641, 1.9471109547517664]","(25.312850058300462,)"
"[-1.0139306203218843, -0.01195886340261148, 1.0025297573625582, 0.9910749077266244, -0.008574754958622238, 0.9931003845623669, -0.011034146171294848, -0.002412742662694603, -1.980063961041554, 0.0599376526536366, -2.0465831312032257, 0.9958404961120804, -0.9698981152354945, -0.8873587840460329, -0.9936996463310964, -0.005400478576415343, 0.033612532121841454, -0.030746402488068834, 0.005342961699762887, -1.9795551993597722]","(24.172979808875546,)"
