Best individual,Fitness value
"[-1.0849258282407037, -0.04999424637035155, -1.0855097858077842, -1.0143218646301686, 1.955904204569129, 2.1733114225388226, -0.052202693589493365, 1.9110251428796783, -0.878986220851652, 1.0167293624000218, -0.9826340487362337, 0.9903268750286607, 0.9384209219360217, 0.03031691874060627, 0.04871383193347354, 2.062641879634311, 0.09115273030409501, -0.04400510715800543, -0.9666475003660615, -1.100075799671213]","(46.91148946809677,)"
"[-0.06759490943005886, -0.004877195979649862, 0.015057265056483082, -0.9717426376095739, -1.0456884942864408, 1.0068142379814804, 0.024071605846534894, -0.9108714003834688, 1.0787178466095717, 0.012775380204695708, -1.0738979322331352, -1.9880518811485794, -1.9958395412928713, -0.053207043532778275, 0.9341476325546768, -0.006934008393272045, -0.04042455021125235, 0.021629558131414872, 1.96191845661156, -0.07001538720215628]","(27.403972967367608,)"
"[1.0720581542690582, -0.9782542698078647, -0.8725656745856505, -0.8725960390997267, 2.132271568589366, -0.0013048430489162044, 0.9174176215881883, 1.9829427096306202, 0.9984860301265593, -1.0206386003923584, -0.03355882484713166, 2.0200072051272713, 2.983523415250021, 1.1904729062976847, -1.0390907704940093, -1.007507174093472, 0.975042212843932, 0.9273110828506521, 1.9128305684308504, 0.9879110674894946]","(59.47219421574966,)"
"[0.07667076757950309, 0.9964950899118721, -0.012844095829763702, 1.0365233438049088, 1.9708645779620586, 0.9532996016006334, -2.00736196867898, 1.0481367400832875, -0.9408391033779315, -1.095557063033604, 1.9878489729458417, 1.8116378818683954, 0.9645335085294615, -0.9957137280047679, 0.9782745790987413, 0.059951234655829744, -3.1285316240593666, 2.0182727365932305, 0.041547769989553715, -1.0198599184115842]","(54.89256082393861,)"
"[1.956482315232396, -0.8978187679044546, -1.9903510981049433, -1.9743554303493662, -1.0008438507103747, -2.9834379826576987, -1.016294527919573, 0.9599038741578267, 0.030644792124447484, 0.89190677589132, 0.11171516903137624, 0.020094955772804887, -0.9700050262299085, -1.8058922099389139, 0.08611182903220627, 0.9252163103024431, -1.0695772191664423, 1.981626095850957, -1.0728604017301069, -2.094458836635139]","(61.61013958979686,)"
