Best individual,Fitness value
"[0.5720471604411353, 0.331603447844891, 0.11812572689888444, 0.029001099189068534, 0.004815825256629991]","(2.3832332967878065,)"
"[0.5627849093217235, 0.3277005474850242, 0.10484936549339217, 0.02466307379518016, -0.012106902926386002]","(2.4432604323715506,)"
"[0.25482919882974636, 0.0697326407886477, 0.011525732527604774, 0.0038379961785204903, -0.0016794208086091823]","(3.398495441790046,)"
"[-0.4131399814829715, 0.1882175801259461, 0.048407325408434836, 0.01130863805659961, -0.0005609408605656926]","(4.594671998960909,)"
"[0.7727135998515174, 0.6229761327382262, 0.40479124144492046, 0.19175855604333453, 0.03706447329521675]","(1.3740884653332839,)"
