Best individual,Fitness value
"[0.6651917074761239, 0.4484063494799134, 0.21573335323439002, 0.060103837450259566, -0.003175460561515929]","(1.9628527673104774,)"
"[0.5097264640767523, 0.26297814977107525, 0.0756903639263943, 0.022504146447106913, 0.0012969284834711873]","(2.6268832697617386,)"
"[0.523655632850265, 0.280901398187493, 0.09179457714811563, 0.02279865617317736, 0.00030403142139088775]","(2.565510668674286,)"
"[0.14764708641742066, 0.031544500550408194, 0.017018858203656975, 0.023412639358569805, -0.0016536497847233647]","(3.6735108504547473,)"
"[0.6388520422993451, 0.41535539223294266, 0.17840858847060898, 0.04998567367760244, 0.007640417011650149]","(2.0940701717213765,)"
