Best individual,Fitness value
"[0.4758460179990786, 0.2312367149326498, 0.05506758966096287, 0.01974124761092955, 0.00018244447650830325]","(2.7500276820542098,)"
"[0.34846600679671397, 0.1344508896911748, 0.031361815359136555, 0.01797727577409987, -0.011575121449656688]","(3.153942593225019,)"
"[-0.3735210061655422, 0.15611293024861228, 0.032757938644574165, 0.015019055919488643, 0.0011196689277919213]","(4.5585519876220415,)"
"[0.6362641596148264, 0.40665261018989113, 0.1721150330552327, 0.04388902326630381, 0.015706786874620633]","(2.128133119865117,)"
"[-0.09081982361494989, 0.019058674081860173, 0.07935267356117211, 0.09709597296275761, 0.09783003044574598]","(6.056527280625753,)"
