Best individual,Fitness value
"[1.4648594414400546, 0.4100890578247207]",0.04476836232772385
"[0.49812727126486434, 1.4857396886048413]",0.01106709900507242
"[0.3639847479905327, 0.23036567260076724]",0.04443394071058468
"[1.7486436046418061, 2.0667393432180647]",0.06764303085144316
"[1.0307664708526436, 1.585501185774662]",0.003542792679961836
