Best individual,Fitness value
"[0.4909178503502274, 0.46797117821536793]",0.019534388454810852
"[0.4371237129121327, 1.3704376221067776]",0.009980203337347187
"[1.5774373650295206, 1.6530414192767133]",0.012127210447157888
"[1.264411717144916, 2.1175671091045545]",0.07917618996512643
"[0.46059147407559287, 0.40772773607210255]",0.02407777069573299
