Best individual,Fitness value
"[0.20641659104479793, 0.9925320821054466]",0.09040623731235164
"[0.37892152576483307, 0.2568348652485445]",0.03920919341527157
"[1.4080299972902677, 0.32466114055138384]",0.008460516716450584
"[0.2503314919889814, 1.0984559440769066]",0.18806556838597932
"[0.6259235867727524, 1.7804695433578104]",0.03215285537629407
