Best individual,Fitness value,Design constraits
"[13.118493641440782, 62.458975860993185, 94.30630012926025, 105.36262142222643]",1072152.6438840448,"[-10.225364253645333, -77.67659182919466, -679058.8257017257, -141.63979380768268]"
"[5.92858294613213, 38.13898350494962, 62.39558890714954, 109.49676236252314]",344923.7700524847,"[-4.724348080224145, -37.54372958677541, -1060778.7353451154, -130.50323763747684]"
"[41.23927071011438, 23.93750395653243, 108.15445244506672, 146.2759204480298]",2684886.1698635174,"[-26.209718640378064, -14.22053955767413, -9378749.463857057, -93.72407955197019]"
"[25.836419018187936, 40.615144662225, 127.9966744058468, 175.99438705859507]",1394125.06114842,"[-18.99169451389678, -21.30924554349653, -3304983.6753549213, -204.19432025936845]"
"[0.03186537757323915, 4.672725271849332, 3.682976835302636, 3.7677424865770153]",1.7976931348623157e+308,"[-12.79879845574719, -53.524125116365155, -13585947.78999892, -223.69823787118736]"
