Best individual,Fitness value,Design constraits
"[31.38109778453895, 32.595729400845755, 61.2390251254255, 126.61202727213956]",1960041.5695884288,"[-30.19918459961824, -32.011509101149194, -1157695.925464591, -113.38797272786044]"
"[24.356314906971203, 30.3725701697444, 69.1325995374375, 191.92685275561155]",764271.6144130242,"[-6.307077395766612, -0.10355644135644237, -551658.0408357286, -104.38147590877261]"
"[-2.7295359515108295, -4.4057016687488515, -3.7169833369271044, -4.498548718323128]",1.7976931348623157e+308,"[-32.07882936872179, -53.43989073607927, -90713.01703604707, -99.96767375565508]"
"[-0.5953599741162758, 2.5781355434127837, 2.0923926080676445, 3.519645294666363]",1.7976931348623157e+308,"[-19.469024379416663, -24.425677168602938, -1410509.8452341221, -78.25402107182086]"
"[52.986431316909815, 49.69273936707874, 106.15955018059576, 172.78769529216933]",3408998.545616862,"[-31.323551998424318, -48.27600200219527, -5412831.852708202, -67.21230470783067]"
