Best individual,Fitness value,Design constraits
"[-0.6629956426820174, -1.129330912853944, 4.802972842826131, -3.305074171630161]",1.7976931348623157e+308,"[-3.1459595032679326, -18.465233781295925, -3719388.395141281, -216.40156984807456]"
"[60.39899524813595, 31.51491834597447, 120.31164025467658, 122.39790138909758]",5031005.850719262,"[-28.974880005976857, -32.689979449439015, -1671129.631031565, -174.58986329714565]"
"[17.681374969871488, 55.35787817984341, 47.6814401585749, 167.7509870877826]",773602.865763933,"[-16.761123174810994, -54.902997240730606, -356241.40457769996, -72.24901291221741]"
"[27.1230653812786, 105.9561800468489, 161.61155769329199, 38.20101136941925]",6989931.590156759,"[-39.20969054015292, -69.18340776174557, -9512269.059567396, -100.49835347768516]"
"[32.490455003395645, 7.4971293319184875, 54.982551666654146, 104.81665990112505]",1658700.0652282063,"[-31.42929175622922, -6.972595789018607, -395721.0259341493, -135.18334009887496]"
