Best individual,Fitness value,Design constraits
"[30.46469735511193, 42.47257250171648, 57.706575632287894, 174.0270831876495]",2015852.831893858,"[-29.350960445408774, -41.92205177018445, -1329553.538434904, -65.97291681235049]"
"[55.36156420646682, 32.77161622297692, 165.20535727760378, 40.844454684302164]",5847235.110275179,"[-58.88793700646473, -58.73131891175814, -283664.49215929816, -89.84234961612444]"
"[0.02562522410476653, 4.358294437670109, -1.0933414586497503, 4.289740928129868]",1.7976931348623157e+308,"[-25.541384853281475, -47.619441838572556, -413657.39648165717, -204.25866577101303]"
"[-1.5096387136978349, 1.580641514713328, -0.6066162189177602, 0.03920381051806743]",1.7976931348623157e+308,"[-20.395865725937103, -26.285991273248897, -1733854.9404814122, -223.44141712261631]"
"[17.69974106123131, 43.64918467900648, 68.70986488913685, 89.36839825509364]",949766.4783266096,"[-16.37364066887097, -42.99369256796412, -1388246.3337939205, -150.63160174490636]"
