Best individual,Fitness value,Design constraits
"[1.4805913380253752, 3.503301530455797, -1.4147988378717757, 2.24947140819698]",1.7976931348623157e+308,"[-33.26564537795131, -39.07079693626947, -1597338.1923442748, -201.45082613700353]"
"[31.883777917697547, 64.82896290738131, 135.9366320863935, 83.74068624142636]",1975468.8322456228,"[-9.26020091843015, -43.532127437277126, -14087373.959414393, -156.25931375857363]"
"[-4.093067353886546, 3.5691018935359793, 2.9188107513248767, -1.8753405441882673]",1.7976931348623157e+308,"[-3.2514779469036768, -30.93683561852839, -6421539.114728641, -200.22416162397894]"
"[4.4047635131800345, 1.3353263827375859, 0.5828705684883975, 2.9110799585869334]",1.7976931348623157e+308,"[-20.290719959851362, -60.17695544134309, -973985.2648112434, -44.942506738167566]"
"[41.91214481739208, 69.84255014462809, 60.07580650588787, 123.23400642699175]",3420446.6560431225,"[-40.75268175182845, -69.26942695056192, -1009480.2548018703, -116.76599357300825]"
