Best individual,Fitness value
"[-1.6099575045916967e-09, 2.2763913916844748e-10]","(0.0,)"
"[0.9949586374438779, 6.372008882163286e-10]","(0.9949590570932898,)"
"[-9.18564303739262e-10, 1.3032107314173167e-10]","(0.0,)"
"[6.465063249504702e-10, -0.9949586373669459]","(0.9949590570932898,)"
"[9.126154023731707e-10, -1.6701699436640329e-09]","(0.0,)"
