Best individual,Fitness value
"[4.3655026902970915e-10, -1.4748474886384784e-09]","(0.0,)"
"[-1.0075230066759299e-09, -1.0456739089412088e-09]","(0.0,)"
"[-1.0384944101304937e-09, -2.001386438775868e-10]","(0.0,)"
"[-3.5827856574501826e-10, -9.764942681606125e-10]","(0.0,)"
"[4.5983894695433206e-10, 7.834328541670681e-10]","(0.0,)"
