Best individual,Fitness value
"[-4.9049375603791967e-11, -1.4539847182098677e-09]","(0.0,)"
"[5.109080280225234e-10, 0.9949586373634745]","(0.9949590570932898,)"
"[3.418784427844729e-10, 1.1543901800299313e-09]","(0.0,)"
"[-1.262601843247605e-09, 1.2916375832762133e-09]","(0.0,)"
"[-1.646530290391988e-10, 3.1831778205543694e-10]","(0.0,)"
