Best individual,Fitness value
"[0.729566965536253, 0.544278837352473, 0.3018422806875514, 0.10130869334681976, 0.009466412101251567]","(1.6039187484145776,)"
"[0.6513670143090813, 0.43451104361587534, 0.19529250960456476, 0.03962167490719416, 0.0021302910969380044]","(2.026139545382994,)"
"[0.7896129090193845, 0.6276801987113517, 0.3949814026488343, 0.15974653042169637, 0.026875423434098312]","(1.2583948846049713,)"
"[0.5772552334619395, 0.3300258665919021, 0.11361002540651141, 0.02341599690979217, -0.002045483123086186]","(2.381923089980798,)"
"[0.6061821564457286, 0.3718731880236838, 0.14838954364924967, 0.034688446694466066, 0.005809734943990461]","(2.23702600720057,)"
