Best individual,Fitness value
"[0.8134940993206999, 0.6559101670125618, 0.44637253424493123, 0.20543187772556654, 0.04761958274197787]","(1.1273156618069606,)"
"[0.9295634194504343, 0.8554384022176333, 0.7217498749233396, 0.5351448612231926, 0.2867102005055008]","(0.35714201835253995,)"
"[0.5180244092963157, 0.26094448937696524, 0.07492445079021469, 0.026713334054030646, 0.005630000750570888]","(2.6386431967198423,)"
"[0.7424215311225253, 0.5492211403860083, 0.3064885955556162, 0.08994390032630582, -0.009849151341013943]","(1.615217169804951,)"
"[0.5357176269586479, 0.2953570145271178, 0.07489837572377755, 0.015873530826084226, -0.0062159156698339945]","(2.5733317852542603,)"
