Best individual,Fitness value
"[0.5089122905266296, 0.2591088640732634, 0.07162820901949471, 0.010686979966488007, 0.0006894059861258309]","(2.6358397736815964,)"
"[0.842237007986127, 0.708157269975383, 0.5095005832635633, 0.2613008990353007, 0.06839999302918481]","(0.9031889166771079,)"
"[0.6662475242628368, 0.4392920894792883, 0.21032072685784015, 0.051923338715301866, 4.865937179015199e-05]","(1.9870277927214282,)"
"[0.5174613559469217, 0.2598426736653081, 0.08562132358885907, 0.01740589682437515, 0.007362055548954773]","(2.636439921931264,)"
"[-0.9654311210984645, 0.9378201068301754, 0.8826204959376072, 0.7829204020410029, 0.6107896968539337]","(3.933973102219341,)"
