Best individual,Fitness value
"[-4.241303144763512e-06, 5.934892330333025e-05]","(7.023641988013196e-07,)"
"[0.0002969570976550915, -0.00022798561705576195]","(2.7806818597042593e-05,)"
"[0.0001708593511678746, -9.145674291921401e-05]","(7.451061383889623e-06,)"
"[0.0003591746496023955, -0.00012937827279941083]","(2.8914676887481505e-05,)"
"[0.0004402399908695646, 9.37156171846239e-05]","(4.0192995747645455e-05,)"
