Best individual,Fitness value
"[-2.094010717040699e-05, -0.00029164078777720037]","(1.696109778137611e-05,)"
"[0.0012076176522131526, -0.0005429025744291504]","(0.00034779647821991944,)"
"[-0.0003661867269947742, 2.7995652640745976e-05]","(2.6758413941507797e-05,)"
"[0.00022217921011724508, -0.001922636028472949]","(0.0007431466387455288,)"
"[-0.00047133045541307905, -0.00024992542154614675]","(5.6465352272994096e-05,)"
