Best individual,Fitness value
"[0.00018308993319631666, 0.0008429154342311216]","(0.0001476090099217231,)"
"[-0.001703766251841144, -0.00013006862303759342]","(0.0005792473047723234,)"
"[0.0004764260311193747, -0.00010463511790360924]","(4.720344973740964e-05,)"
"[-4.612106963263959e-06, 6.00372111687307e-05]","(7.193177733455514e-07,)"
"[-0.00048631045311852816, -4.8062088192243196e-05]","(4.7377545945082034e-05,)"
