Best individual,Fitness value
"[-0.0001616951677250386, -0.00026354537965620444, 0.0006816367339098151]","(0.00011114508177989535,)"
"[1.1060135011550787e-05, -0.00042996261831044027, 0.0017659390939984143]","(0.0006553880878055196,)"
"[5.673028266261061e-05, 2.1256030975824053e-05, -0.00035727966236818705]","(2.6052620372141178e-05,)"
"[-0.00045633729652355334, 0.00023536465507416685, -0.00018921457967966434]","(5.940697322337485e-05,)"
"[0.0002866149848586013, -9.745866920741488e-07, -0.00036988363887882544]","(4.344051135873883e-05,)"
