Best individual,Fitness value
"[0.000708792409747053, -9.43301813835114e-05, -0.001324985829517491]","(0.00044972736574955263,)"
"[-0.0006103038038844672, -0.0008793353567853129, -0.002050688110623794]","(0.0010615886891205406,)"
"[0.00024769209596775706, 0.0007392318108743977, -0.000529741875391284]","(0.000176259516592836,)"
"[0.0010886485245312364, -0.0006446501504748991, 4.745865963559257e-05]","(0.0003180178723241056,)"
"[-0.001017527470310274, -0.00048359933077877414, 0.00027820802980432335]","(0.0002671600363530757,)"
