Best individual,Fitness value
"[0.00031867785720483344, 0.0002144949908426271, 0.0009749583169122073]","(0.00021785522463702023,)"
"[0.0004555107734860056, 9.392285983946414e-05, 0.00019283055759193]","(5.029141159518247e-05,)"
"[-9.634852829245016e-05, 0.0002411596904687706, -0.00016803769509071004]","(1.8981696342734722e-05,)"
"[0.00045986459906732823, 0.00042007897161466757, 0.0012866040048486042]","(0.00040537106958105085,)"
"[0.0007991026839985526, -1.2443200030394161e-05, 7.492637826234105e-06]","(0.00012672785398848418,)"
