Best individual,Fitness value
"[-59.83214907715464, 63.84718648446881]",7665.679938217947
"[59.80219857937554, -64.99120858709634]",7806.954150238376
"[62.481830040270616, -61.941740483631555]",7761.355736189949
"[59.59679038010651, -63.2414457907558]",7578.927724578155
"[-64.92953946570431, 44.29702809564698]",6191.947931558188
