Best individual,Fitness value
"[0.5302205757697376, -0.4825857889356668]",0.240750806786874
"[0.48580609445377915, -0.42359002657126377]",1.2246853255593386
"[-1.4660166580031158, -0.2768021589854537]",1.4459557317973353
"[0.49066718522271857, 1.4686363949394239]",1.1490740267284885
"[-0.44744813823247065, -0.5436497994395995]",0.9186100368436225
