Best individual,Fitness value
"[-66.35474034635816, 67.06755646300768]",8918.012295407809
"[64.13750797235465, 65.58107170136928]",8436.7332233358
"[-64.55540589843038, -67.93143731753139]",8802.394391993523
"[-62.42594564429421, -64.82517447675329]",8123.689147660988
"[65.6778797974323, -62.048929927712976]",8178.50042239366
