Best individual,Fitness value
"[66.29214247337084, 66.40644395453272]",8835.402468719642
"[-60.87193515248698, -59.8177297874437]",7292.491390425587
"[70.4757800138234, 57.868884978229275]",8338.73361598425
"[67.92152573145422, -65.61519846100018]",8937.371938733724
"[-66.49768035885369, -63.79213760291553]",8518.76049032727
