Best individual,Fitness value
"[0.4775323772211424, 0.10259264617097558]",0.1492219872061078
"[-0.528583377948515, -0.5405192934906415]",0.4856312534973899
"[0.5161727737526771, 0.42522071992280597]",1.1410859664451607
"[1.4799795332612997, 0.48811364545681357]",2.0436183691541316
"[-0.1934505949070129, 0.52977897002666]",0.8347178059489195
