Best individual,Fitness value
"[0.5043412983787718, -0.2638004410834346]",1.0223819274468173
"[-1.2951156447167922, 0.4860547280043178]",2.1057529269115136
"[-0.16867856640229859, -1.0085097687149374]",1.0773320489197715
"[-0.9749979918919689, 0.5076906928865129]",1.1515472160384057
"[0.3237720370241212, 0.47290296762545864]",0.39543914387916246
