Best individual,Fitness value
"[11.29003613962042, 38.66649702355887, 63.68272241366767, 104.75706611955556, 29.720455782950815]","(529028.6650683447,)","[-10.060959597036634, -38.05896385173248, -1120493.994616575, -135.2429338804445]"
"[14.84097784193853, 52.199811748428864, 75.6806218725991, 64.55829536715542, 110.4535493561765]","(952474.7359640468,)","[-13.380341839797367, -51.47781861576427, -1681333.4524203157, -175.44170463284456]"
"[11.951422918045894, 39.09842310963614, 58.95088360129302, 70.84808606706999, 166.38373223973247]","(471766.5887248786,)","[-10.813670864540939, -38.5360316800798, -335639.8058207468, -169.15191393293003]"
"[2.8604700837066006, 84.20456685843118, 44.66130169317752, 149.52609427469687, 130.70720039492406]","(321657.59594126727,)","[-1.9985069610282744, -83.77849804027827, -14127.871814701939, -90.47390572530313]"
"[7.872927550711482, 4.172963746789943, 51.035027615143804, 100.04561862352867, 11.064122505159332]","(126738.26262832535,)","[-6.887951517739206, -3.6860895833414764, -79417.22112133633, -139.95438137647133]"
