Best individual,Fitness value,Dimention,InertiaFactor,SocialFactor,PersonalFactor
"(31276.114895714614,)","[-1.280343795966133, -0.9059086102072502, -1109649.5126707726, -136.07337428267442]",4,0.0,0.5,0.5
"(224536.3528641194,)","[-10.660584502928044, -75.44546542819552, -91140.41911009024, -198.11616493590427]",4,0.0,0.5,1.0
"(126738.26262832535,)","[-1.9985069610282744, -83.77849804027827, -14127.871814701939, -90.47390572530313]",4,0.0,0.5,1.5
