Best individual,Fitness value
"[0.3545911938030819, 1.2160523993431367]",0.04151759830267082
"[0.40300200329591807, 0.4045902802886151]",0.009487620535133799
"[1.7927312844355237, 1.1977607866484323]",0.1564827898357078
"[0.2549790101381163, 1.0192919188120098]",0.06148165568175108
"[0.9561823324385619, 2.2605588940350696]",0.30979867466074196
