Best individual,Fitness value
"[0.1392979554127377, -0.07353855062222125]",0.16164621035397586
"[-0.2168017756251167, -0.4106294866989698]",0.5222123532992069
"[1.2692755104884104, 0.07911747452700402]",0.06927993148664913
"[1.2745344512936418, 0.09865546451086005]",0.0509905019275401
"[1.5802566738698443, 0.6655138812602897]",0.006648666588526355
