Best individual,Fitness value
"[0.3829239790636719, 1.2750028657568282]",0.015778762248786084
"[0.15409618765951538, -0.08592212038915503]",0.13859406035731886
"[0.8522994139514444, -0.386112915802167]",0.42997682387232394
"[0.31658080079500883, 1.1701831340442281]",0.03478431930796346
"[0.489207012525819, 0.47922306172244244]",0.0001644508646169666
