Best individual,Fitness value
"[0.6224212320907907, -0.8735177411391568, 0.5387898191342672, 1.2445175309632646, -1.0959267010999605, 0.751660612214367, -0.9898711772906226, 1.1738355710431159, -0.12041550940395096, -0.6180496807161111, -0.9746542618695313, -0.5286642919859608, -0.37528973047448133, -0.7585638742692399, -0.3428279596597055, -0.36315871109237097, 0.6026201262579813, -0.3936654339924397, -0.7616777901919134, 0.955949255466096]",885.547523700141
"[0.1874803539435932, 0.24381690196933822, 0.21071160316073367, -0.26038597131969665, 0.6013350871275703, -0.599802735819122, 0.00859509488971999, 0.5600694865268958, 0.3912949348452912, -0.6966061304888659, -0.54382122575901, 1.4733935096924187, 1.2507421298156185, 1.4214206691562805, -0.3925669362630493, 1.1056410772924192, -0.607709963506502, 0.1918902166567905, 0.6983825332607504, 1.7196559050900695]",720.6295440239251
"[-0.6704406474463844, -0.3320386965672528, 0.6186214552971232, -1.2451499425221217, 0.3694136047786777, -1.3173533293612798, 1.0301430792369868, 0.6403806603325224, 0.3628711506777808, 1.4278011063050993, 1.418749187329394, -1.066702056471387, -0.4197102481897527, -1.0546467367125083, -0.2741807044940403, 0.4709264624064756, -1.605012707792679, 0.2068717773446317, 1.3231107269312357, 1.1221698632194546]",1211.3783242011339
"[-1.0466869141425634, 1.0243278316240099, 0.22154116493350773, 0.9755648699978456, -0.5550453829855425, 0.2221921479210296, 1.056657985416803, -1.068583500737458, 1.0064876470241944, -0.09519748253011295, -0.3346723706260379, 0.6577624439628758, -1.1552995904883057, 0.8894451119956734, 0.4601487305879097, 0.03507687716326835, -0.529724656481638, 0.3137503512691706, -0.08426661733794782, 1.037865965040049]",364.8773237371074
"[0.10699192776078925, -1.1023619638502038, 1.1646977567802685, -0.9301272038523414, -0.556867349772173, -0.7337038990017436, -0.9903060524595784, -0.8479723979675549, 1.7707117487744213, 0.1680041194917039, 2.3966736692090986, 0.9594885616099097, -1.2540231062058695, -0.17337634115985434, 0.07210731898723999, 0.2948869121660904, -0.35395107444198887, 0.2818583565274332, 0.03720505663464868, -0.5510824135276404]",3199.7871556815826
