Best individual,Fitness value
"[0.45335199376821, -0.8187746942517605, 1.2984049602872374, 0.3944781899087916, 0.024399521716684802, 0.009045813266720382, 1.6943332950034644, 0.2036076798379618, -0.2329000203874797, 0.4251019079349744, -0.8759779233299381, 1.2740344517371678, -0.10538819425122214, 0.33517926449308466, 0.02175489769178751, 0.5260258930521323, 0.23424353569986986, -1.0080958738725168, -0.6763560460516569, -1.605398143651005]",924.068275020448
"[1.8327452603723264, 1.0399419634677254, 0.6610712692759585, 1.9568409154078754, 0.4201791912040518, -0.48347999899976557, 1.781552464777293, 0.1271223347225776, 0.7356363244315717, 0.07190009977633527, 0.47984360209828153, 0.7112636743740288, -1.0531301897842504, 1.028519302798085, 0.013098963743759108, -1.4495758181455511, -1.743407864657698, 0.9345476377118226, 1.069213861225709, 0.056107583954759746]",2047.869591367305
"[1.9444433743814866, 0.12397557612064092, -2.146588928026241, -1.4328459309933832, -2.248753611679923, 1.0017380408695429, -3.215025716076821, 2.8756384061323237, 1.1019616929656217, 0.23272723700246367, -2.478128562258634, -0.07893725465097345, 2.853031128828105, 0.9162153052484729, -1.8403126995588015, 1.701371132470322, 1.4973446601796998, 0.7831647598050896, -1.0610656361838577, -0.9603674917436946]",19598.329718001434
"[1.7133791173113377, 0.371658235700403, 0.3776353124840179, -0.3449316333762038, 0.6332671981825818, 0.677325153682801, 0.5640829695288723, 0.24579443010087965, 0.31092722655565674, 0.08342241195462546, 1.2960126268411272, 0.11610207539048215, -0.32088884097924275, 0.9737650779513357, 0.28772801941511394, -0.22493281739034976, 1.064306517181865, -1.1841980891085404, 1.379139781919696, 2.356605470133233]",862.983048357041
"[-0.4485923578903963, 1.177435559738444, -0.048546364910023954, -0.649114145310951, 0.1577697454877824, -0.8584750962294654, 0.20059399100634634, 0.15356234858019552, -1.2529581141861825, 0.3391086918344255, -0.43978063384543875, -1.539558918825424, -0.05667336790877797, -0.21283764959031415, -0.20311145359195643, 0.5367635535435422, 0.18990252475556227, -0.9156247575537673, 0.840583439956485, 0.9532269065381487]",646.9566852595837
