Best individual,Fitness value
"[-3.406375727508409e-09, -1.5564925877015753e-09, -2.8306794257945713e-10]","(0.0,)"
"[-0.9949586361829307, -1.2740082020410474e-09, 3.7203918783361946e-10]","(0.9949590570932898,)"
"[-2.4261860635195907e-09, -4.359854850436862e-10, -1.4698113125555999e-09]","(0.0,)"
"[-2.3117647821325557e-09, 0.994958637658584, 4.3606802834544546e-10]","(0.9949590570932898,)"
"[-0.9949586370026674, 5.811475340317528e-10, 0.9949586375241897]","(1.9899181141865796,)"
