Best individual,Fitness value
"[2.067911613738527e-09, 1.1807730129078974e-09, 0.9949586371905939]","(0.9949590570932898,)"
"[0.994958637324646, -6.208124214976305e-10, 0.9949586371388397]","(1.9899181141865796,)"
"[-1.7898803931034873e-09, -0.9949586375682121, -2.859981042196221e-10]","(0.9949590570932898,)"
"[0.9949586379601875, -1.8496457945388482e-10, 1.0673404647258236e-09]","(0.9949590570932898,)"
"[-2.0319813375142388e-10, -0.9949586377151435, 0.9949586370760488]","(1.9899181141865796,)"
