Best individual,Fitness value
"[-1.9899122336861967, -9.314586849906845e-11, -0.994958638246895]","(4.974790247647377,)"
"[-0.994958637073171, 0.9949586379184072, -6.665372550346947e-10]","(1.9899181141865796,)"
"[-0.9949586390510674, -0.9949586377661072, 0.9949586376613685]","(2.9848771712798694,)"
"[0.9949586385401848, 6.642977487004871e-10, 1.3401344304732426e-10]","(0.9949590570932898,)"
"[-2.7787199041608856e-09, 0.9949586371304575, 4.995419491928622e-10]","(0.9949590570932898,)"
