Best individual,Fitness value
"[0.37735587823930883, 0.2986565422131886, -1.6876674150142024, -0.17487658646020643, 1.2934390860923748, 0.5130372861602919, -2.3294293462385793, -0.4048273016452214, 0.4275955152076616, 0.4886782798540947]",58.57471750719575
"[2.161160138154125, -1.4513128801668698, -0.4038307472159576, -0.5008421983289855, 0.6698370260743164, 1.582778098112178, -1.2913516272996273, 1.2770899664997133, -1.5637502201924867, -1.5142807719319138]",53.700422898412654
"[-0.020846359619264065, 0.1515505121981109, 0.5012151690897249, -0.411261135982554, 0.38746864543823534, 0.6473142475719238, 0.7211773457000539, -0.5249162729296812, 0.14628112764145507, -0.5427426703311955]",47.159996942334615
"[0.285168031534644, -0.32086825164591104, 0.5507168708759318, -0.39680966861458045, 0.6626423533817194, 0.5954902772590576, -1.9901260323606451, 1.560545857382591, 2.5952487525261274, -1.3852557333139854]",61.1126913061796
"[-0.5324767780710424, 0.3339547311688125, 0.7385349934085006, 1.53877158921039, 2.43453719421398, 0.45189603480957174, 0.21048993479838463, 0.34102316870047256, 0.4123448999063189, 1.2802413278414804]",60.90152926792953
