Best individual,Fitness value
"[0.9285880201981904, 0.45468810298151907, -0.3896712746265492, -0.7685147172344629, -2.0017551881923854, 0.5121956280012302, -0.5752269135943338, -1.5544406380394973, -1.4447032317366055, -2.3922477180545663]",56.08375835099886
"[-0.5010818209095369, -0.5031317796022237, 0.8098903243545266, 0.30955003399431735, 1.5009241029820548, 1.3909392423457971, 1.2750908747885863, 0.7405399157237216, -1.5241664661364447, -0.3600144530354109]",49.034976970086085
"[1.3489156591293425, 0.607852756430376, -2.419635235489081, 1.0827912547626124, -0.9006429446118678, -0.5377207026368169, 1.048314340670232, -0.7025975998892331, -1.5297237775767032, 0.23760828842209436]",53.653465761849866
"[-0.5794666925086247, 1.6080890490877038, -0.21338096170571108, -0.6424653633549751, 0.44641215486932173, 1.3168181535158654, -0.7824600625785707, 0.3240095353855849, 0.5697588539557692, -0.40632592463250194]",52.42088902891743
"[-0.41028754359952035, -1.691371341676391, -0.7044340542635088, 1.4776566214357205, -1.3107448464561353, 1.7042673928422563, -0.4958750620896515, 0.14057341008140178, -0.5931348738276145, 1.3771972079717751]",59.17542513749987
