Best individual,Fitness value
"[1.0151774615318403, 1.0306323239224484]","(0.0002305766666477435,)"
"[1.032968746098477, 1.0670586883145812]","(0.0010870555796655868,)"
"[1.001400711808667, 1.0025160871708012]","(1.0216032939539122e-05,)"
"[0.989273301587727, 0.9789651106069059]","(0.00012426996824456266,)"
"[1.0211179226355955, 1.0435855891407406]","(0.0005276479815360782,)"
