Best individual,Fitness value
"[1.0097508112312281, 1.0196628948066484]","(9.55164845553262e-05,)"
"[0.9957324078317098, 0.9914113380466827]","(1.872628794633937e-05,)"
"[0.9856576875006291, 0.9713369713882135]","(0.00020909141284767397,)"
"[1.0192947384542554, 1.0392771558435345]","(0.0003822341435741031,)"
"[1.0384463792041205, 1.0765130614172673]","(0.0018232739848184957,)"
