Best individual,Fitness value
"[0.9989415721302968, 0.9978789482599209]","(1.1230958282782647e-06,)"
"[0.9989949930698894, 0.9979365820311196]","(1.3061288753517153e-06,)"
"[1.018940685830998, 1.0380406494257932]","(0.00036272848028445575,)"
"[1.0045377811602763, 1.0086343311133459]","(4.1919475255352884e-05,)"
"[0.9872714427878839, 0.9746254380273486]","(0.00016264761693598746,)"
