Best individual,Fitness value
"[17.897818253741, 74.54618823673164, 54.71039679804586, 120.99277067700689, 139.22281507051557]","(940910.1647589859,)","[-16.841907595538725, -74.02425105127828, -527714.7806260232, -119.00722932299311]"
"[8.488054251234932, 54.38435266717021, 55.94421959048424, 121.02648250257477, 27.49054831901017]","(445994.04814285296,)","[-7.408330813138583, -53.85064481227699, -627405.4757891484, -118.97351749742525]"
"[10.680367602479148, 35.12376988676342, 45.609715570428094, 189.6925070884519, 112.94000792265653]","(359162.1871125356,)","[-9.800100091969888, -34.68865320022151, -341124.8424993991, -50.30749291154814]"
"[3.90116351065746, 11.537705568255728, 130.34528782089043, 49.78243448746405, 129.8121149575901]","(406062.66023941524,)","[-1.3854994557142732, -10.294211522444428, -10637450.055903077, -190.21756551253594]"
"[4.379116089415037, 28.801653575150606, 58.55521407693145, 171.9244940631077, 96.3572924836721]","(235747.0830795704,)","[-3.2490004577302596, -28.24303683285668, -1396884.64024474, -68.07550593689231]"
