Best individual,Fitness value
"[0.993934297096727, 0.5093638978794985, 51.49918637806875, 86.87882290878701, 84.56004064888891]","(6451.036924318311,)","[0.0, -0.018061659832722676, 0.0, -153.12117709121299]"
"[1.0055072550635398, 0.49702275716612276, 52.09882150588289, 82.5194154152188, 292.6452586360182]","(6398.511578601281,)","[0.0, -5.551115123125783e-17, 0.0, -157.48058458478118]"
"[1.3578384115786846, 0.6711802303862695, 70.35432184297154, 10.000000000004079, 63.665683967840835]","(9133.613123856276,)","[-9.333644968023691e-12, -4.320988011841109e-12, -318183.47779669333, -229.9999999999959]"
"[1.0367309965109532, 0.5124566687416837, 53.71663194357271, 71.34540870920185, 14.007688423889219]","(6490.41885091031,)","[0.0, -1.1102230246251565e-16, 0.0, -168.65459129079815]"
"[0.8614764161750172, 0.4258282388761484, 44.636083739638195, 147.53890540147646, 171.80016551887945]","(6043.52205612292,)","[-1.1102230246251565e-16, -2.220446049250313e-16, 0.0, -92.46109459852349]"
