Best individual,Fitness value
"[0.9290545802105892, 0.6965361242555712, -0.41547767102535377]",1.197672055804493
"[-0.7502314081624116, -0.41002809783627336, 0.46246488435912797]",2.6742758039672507
"[1.1191440907014334, -0.07136175072610262, 0.6738900684303487]",0.6863879015347945
"[-0.31422722535423175, -0.3947378558397248, 0.4525292867632913]",2.306906828804645
"[0.3507623713198973, 0.14797825469852322, 0.9238814617540585]",0.7226380339887966
