Best individual,Fitness value
"[-0.5394694753897223, -0.40148852321606565, 0.6117101666412872]",3.8736945033518744
"[1.6099044343952351, 1.6751429563257352, 0.9307256036657319]",0.6124042735359945
"[0.5763076395006319, -0.4724932346830978, 0.13299165178683192]",1.9722077857887916
"[0.6133439462033732, 0.29742253932621715, -0.48291630419617504]",1.798619358651489
"[0.46345468151994673, 0.5491858785430828, 1.6859303410741862]",2.191296883586293
