Best individual,Fitness value
"[0.16530171603388888, 0.16639607747281582, -0.3780352319796143]",1.0971063034280053
"[1.0367536554233443, 0.8363863939767602, -0.4008395030782568]",0.9076813195240011
"[0.05989491159989346, -0.23628296163706164, -0.39365871470783936]",1.1188476597226675
"[1.6721960507140285, 0.8515086560157283, 2.1991406741609993]",1.8279593384580703
"[-0.5279716008421511, 0.5735661091133579, 0.4330817320500441]",2.9323878727019186
