Best individual,Fitness value
"[-6.576551210916461e-05, -0.0002505846354701344, -0.0003355249195640576]","(3.5650002635279066e-05,)"
"[-0.001972228914279149, 0.002694672362194995, -0.0009431612966433031]","(0.002388695210820302,)"
"[0.00019458775435009788, -0.0003087224320188762, -0.0035165010598660665]","(0.0024795942047042274,)"
"[-0.00029517621457769553, 0.00036406631570767866, -0.00028854579743158417]","(6.0099282656267405e-05,)"
"[0.0005590617326814004, 0.00023480680164336687, -0.00020925351050595647]","(8.16325810770735e-05,)"
