Best individual,Fitness value
"[0.0037070762458358067, 0.002154478340781518, 0.0006636319632880045]","(0.003734514665472588,)"
"[0.001129879828835064, -0.0003243574745574419, 0.0008948584632525727]","(0.00043301065032963493,)"
"[0.000405230870908122, 0.0014293752919334393, 0.0037760802965125205]","(0.0032666108293835094,)"
"[0.0002663127238754911, 0.001063742079140939, 0.00104521648483662]","(0.0004552977527385593,)"
"[-0.9926828006707484, 0.00025207572127079053, 0.00028845359228390214]","(0.9960150447677734,)"
