Best individual,Fitness value
"[0.9898270138714134, 1.126538213574129, -0.021918559731732006, -1.0060241789188802, -0.007515555931699938, 1.0031161542873444, 1.9536049964541133, -2.0100727106216256, -1.0035486580628943, -0.9487794700487621]","(18.12270268888095,)"
"[1.0401149637339413, 1.0031921725917659, 1.9768831548586778, -0.013309075371421803, 0.003355008514717018, 1.0204129629881977, -0.021777183319325273, 0.024742347040913885, 0.042130481881983185, -0.9467830193186323]","(9.595796142051995,)"
"[0.9923419130144178, -0.9380516656886003, 0.01745008110887007, -0.9927517506405534, -0.9941994841255628, -0.10574515746706026, 1.9767040565862697, 2.0192086842418457, 0.01684885602971735, 0.021309916927501928]","(15.12448378114517,)"
"[-0.08844327408137087, -1.958591595832361, 0.12194509587343026, 1.042358393243168, 0.9456875698196238, -1.0254908307229094, 1.9869909756950623, 0.0023915290810821283, -1.991911222312121, -0.00473015884642673]","(20.55146033401203,)"
"[-0.9583082924451932, 0.92136558283959, 1.114032230269991, 0.019815539863084892, 0.8861701947183321, -0.9671684671897371, -1.0033097135666333, -1.9508761541510269, 0.00618819485962576, 1.0254050696689754]","(17.93868140991692,)"
