Best individual,Fitness value
"[0.13962593858862993, -0.8988463990297094, -0.036474424256049014, 1.1450770347594863, -0.8522406499918959, -0.13266474111692755, 0.09881347800375466, -0.08068454559273976, 0.02967149950171414, 0.06783506011926041]","(24.080424750206625,)"
"[-1.065568359851002, -0.9131374851642508, 1.041200050075916, -0.06009542350176537, -0.9437334132735314, 0.034901000255428964, -0.042233980993645545, -0.13434679192213558, -0.8977552772671689, -0.023738470241704904]","(14.77091397962019,)"
"[0.8551845219567791, 0.9556605494463113, 1.0185055305569661, 0.03955238420254351, 1.1053641240983259, 1.0225651347026263, 0.04519638591082381, 0.07873206691341995, -0.1737707176038833, 0.015177761251282111]","(18.860784521323822,)"
"[0.9149742690522784, 1.0005262149118355, 0.9947442941086009, 0.01387906855749545, -0.9727238104970888, -0.932804062323265, -0.061142402399029946, -0.008475048031493272, 0.06310759253326681, 0.9204384927595113]","(10.703431346732106,)"
"[0.843843837491766, 0.8998087172989939, -1.0123772299527842, 1.7749821999420579, -0.9275089125335296, 0.9284980795876421, 0.9850423820340096, -0.05580200538599895, 0.047137639952352324, -1.8103590697079766]","(35.893392598886365,)"
