Best individual,Fitness value
"[-0.5287265761328491, 0.9655336378275572, 0.5624192353323876, -0.5653194090404301, -1.3847438529674465]",6.482887262294421
"[-1.627397836213511, -0.3559728065266222, 0.6103444175048065, 1.6179641054943974, -0.5235148999585721]",13.027459137564017
"[0.2964829577869357, -1.5412990787007743, 0.5874401086061711, 0.49858857884674074, 0.9891398223949058]",14.737711226059904
"[-1.6452420751889538, 0.40691887747784206, 0.3739253667515494, -2.4339475213794652, -0.49527074387135145]",20.06721235538923
"[-0.3514766544758732, 0.5074434649606654, -0.48576511348560086, 0.3453159230798175, -2.4598810719487108]",13.367366693748385
