Best individual,Fitness value
"[-0.4825231100404437, -1.589996143918929, -0.423913620164484, 0.6678466425467464, -0.49992404348942354]",15.353216142558509
"[-0.38273233545181307, 2.4091867459241465, -0.540756742580307, -0.034336739569485714, 0.6740285826470804]",14.696440634751795
"[0.4941379414640329, 0.543198101180479, 1.4999723967309466, 2.4425636454749533, 0.359810013243433]",12.241328769551366
"[-0.10505236140102711, 0.6236264109197391, 0.4769184902394804, 0.4961389327774355, 0.523356911407018]",7.9517831983169085
"[-1.046412058154297, 0.4893989223930433, 0.30307522570195766, 0.8516332734032965, 1.4774911593555247]",12.933803745997844
