Best individual,Fitness value
"[2.5143489123585585, 1.3968208441829328, 0.09539835791490986, -0.41302382015335565, -2.4688600388499067]",16.294602360596187
"[1.2972105132096048, -1.5305323982227002, 2.356890453877819, 1.5254969171267672, -1.5640304302822745]",21.682178212952877
"[0.9923580369935516, -2.0752705805169875, 1.4885074339667321, -0.2078704712940304, 1.4227110121729982]",12.51408902249187
"[0.49581749281450294, -0.5410914065737438, 0.16760308657872475, 2.3494481830957863, -0.46334552039773325]",13.750166387104128
"[-1.460677716917414, -0.5230054968100353, -1.61588783599204, -1.5156301405834465, -0.45751385020380864]",8.509217283894529
