Best individual,Fitness value
"[0.6117099261977471, 0.37962738210219316, 0.14857921080772057, 0.03342374881098071, 0.001158932610512545]","(2.212644927067309,)"
"[0.8183891423962165, 0.6677346065981937, 0.4418643169908343, 0.20324503550409864, 0.041882330817892666]","(1.0981658641629992,)"
"[0.7675340074388709, 0.5931102746600131, 0.35556215221151977, 0.12723614535177763, 0.012371469636729618]","(1.4011719180461335,)"
"[0.7337767582527361, 0.5450143859448964, 0.30112687705810276, 0.09378497231548426, 0.00990088914907612]","(1.5946312185301201,)"
"[-0.9383609086834157, 0.8933133596953677, 0.8027615719565345, 0.6451686958205061, 0.41558096485493534]","(3.952155095732224,)"
