Best individual,Fitness value
"[0.5371836722321266, 0.28845697479569915, 0.07508547142455775, 0.015491314360602281, 5.3076462052462255e-05]","(2.561527090130373,)"
"[0.5368002839520005, 0.3029444588144798, 0.1038668750045191, 0.02081904870456691, 4.3978318192768213e-05]","(2.5088616863416715,)"
"[0.7486623673114355, 0.5534336434278696, 0.31403418400139504, 0.10748737398661291, 0.011623198320759767]","(1.5485738690711328,)"
"[0.5636399705292396, 0.31179193474413025, 0.09864547449007002, 0.020980576604052725, 0.004376975669105112]","(2.4528483048672927,)"
"[0.7605872513575227, 0.5794316934886505, 0.3415812956220291, 0.12462516646416426, 0.014257630489725788]","(1.4439697278633066,)"
