Best individual,Fitness value
"[0.8275384249441341, 0.6858048795605881, 0.47579486821613093, 0.22949849315216703, 0.05318326202920564]","(1.001008908345759,)"
"[0.77490058598046, 0.5973697335406228, 0.36488884164297875, 0.13758318364273792, 0.012650110133780602]","(1.3732462615991108,)"
"[0.9177904094357765, 0.8434041546015397, 0.7161803750091316, 0.513901858002086, 0.26351138863374274]","(0.3507227222364295,)"
"[0.7831367460509278, 0.6138956086113, 0.384578201346282, 0.15004955076111123, 0.019630596179989353]","(1.3045399184159119,)"
"[0.7983506426612993, 0.650664604087999, 0.4417184258558833, 0.21258412602511695, 0.024534233240404314]","(1.2189687867469166,)"
