Best individual,Fitness value
"[0.14300264874059343, 0.6003212561282852, 0.24784097837198293, -0.8249208024891724, -0.2903561642313748, -0.14133280199852455, 0.5434477767795474, -0.4499467875974953, -0.7467777225176766, 0.8805105917159128]",59.803859188079954
"[-0.653208749693059, -0.0666320232988325, -0.47070415138512434, 1.1711593659684643, -0.3034134631736374, -0.19432223841194657, 0.16347511851177998, -2.1651369816110453, 2.0643855143198193, -0.767022687141268]",1864.5286307704305
"[-0.7190407708520135, -0.1789625665243162, 0.5413868554223782, -1.156278959491195, -0.10010483335659803, 1.69957043377614, -0.22304218092165679, -1.5310702300837846, -0.08616865508297145, -1.8291166798599536]",1233.8953942216585
"[1.1650516720238007, -0.3392266866492424, -2.4654950816878074, 1.9458644606336202, 2.283086097514862, 1.3706381848586866, 2.437299414063137, 0.27241872307095566, 2.0059768528943214, -0.6005390685688599]",4853.614991093953
"[-1.4035985279605943, -0.036358751072326, 0.02840147857239461, 1.2395427911212116, -0.45929002833795995, 0.13361522714739782, -0.5567278457809988, -0.411570351049375, 0.12260671194346062, 0.4572047271385319]",259.6948779784417
