Best individual,Fitness value
"[0.17405071740063915, 1.3195357200561282, 0.6695318715475318, -0.8911688718575207, 0.02281132030820321, 0.6276871547713481, 0.01289395371355423, 0.100875047786738, 0.08701912378787657, -0.10610051549011557]",110.33970760749168
"[-1.6185504696270265, 0.8249730506931507, -0.21237478716358033, -0.9098305021912542, -0.29576358098552036, -0.007870070051375952, 0.09329152154578663, -0.6171334930534592, -0.08742310419036642, 0.379083576412915]",165.41400925052872
"[2.4061226779664953, -4.980921554444268, 1.6491724635892888, -0.5450992490325799, -4.325656613222039, -3.8121672578210584, -3.547861565601375, -3.964364338103914, 1.49799824087785, 4.451765170440238]",1.7976931348623157e+308
"[1.9336135330125417, 0.8972056972246845, 0.9681286398835153, 0.9956595082288604, -0.07456822861252524, 0.5055579290335435, -0.11677156567285962, -0.07076317298001378, -0.19799007906722466, 0.09791983673215654]",238.75800587854073
"[0.3220599763713844, 1.1451377589230516, 1.237571305120202, 1.0537110417851654, 1.0837975803122666, -0.6199931551261562, 0.4304629012231742, 1.5076379407727802, 1.50378291751308, 0.3240859846352584]",146.9933980896938
