Best individual,Fitness value
"[1.0084976236245908, 0.00011316848551619352, 1.0154563737019808, 1.0162637427362036, 1.0023528784050848, -0.07177133705072247, -1.946668112392379, -0.9937045002232336, 0.9889309426690271, -0.06179117202140083]","(12.296407024661887,)"
"[-0.011342452617371532, 0.06816744642596051, -1.9496647325065561, 0.014835519797768093, -2.0011118149258342, -1.0099523509017578, 0.04284675504289304, 1.980909556222791, 0.9410654277186179, -1.0407206359184027]","(17.6484177501544,)"
"[0.04923310486962862, -0.042019195712950624, 0.04250312370047915, 0.034781058247708926, -0.01285799694237963, -0.9963053193024816, 1.0186002426840366, 2.0331764835771775, 1.0331238058482088, 0.02358167773239668]","(9.298089340311531,)"
"[-0.00705946873191543, -0.9964053720923234, 0.033309255910572766, 1.999990775644127, -0.9603825646803017, 0.95463587749382, -0.9721940582470019, -0.976283621181314, -0.004413900177427266, 1.9916558586749422]","(13.915536128645375,)"
"[0.9604252441513985, -0.01372763863943801, -0.0012146730422683757, -0.018706698939379776, -1.0235311769861573, 0.06413218884910395, 1.9972510553777587, -1.001064528181205, -0.043209288626747444, 0.023557974470292984]","(8.769650714549195,)"
