Best individual,Fitness value
"[0.04455469264386647, 0.036396254136380785, -0.9878570849576319, 0.005079760442074921, 0.004168283759465263, -0.03830235278769728, -0.032874506572740714, -0.04149850549263867, 0.033623432280477594, -1.0112258497032114]","(3.780417869611062,)"
"[-0.9922698772795203, -2.993637540066396, 0.9828557284711195, 0.0007712771140196348, -0.9851376837372848, 0.024439446017731153, -0.02489631614884423, -0.9586765844928813, -0.009762701262394854, 0.9719274533109264]","(14.618329007809386,)"
"[0.017993870749138784, -1.032780805419486, 0.010244820845243585, -1.9791415860062773, -0.03102796362967175, 0.0210458181965327, -1.01479503412099, 1.0094103894697664, -0.9960052517864157, 0.00768741667781269]","(8.760154221101658,)"
"[0.028528599217217177, -0.0033371904456633433, 0.009561130940594964, 1.002475970427373, -0.9868378251911731, -2.008268570935451, -1.0022764883675803, -1.0064093803329697, 1.0116366642219823, -1.0030457882992165]","(10.326814149249618,)"
"[1.024850893622799, 0.00016151533007075815, -1.0106161606695656, 0.9930980458725704, -0.025286680775393602, 0.05982111445063597, -0.9676401557613201, -0.9797620247483457, 0.9914079315365175, -0.002499669736462984]","(7.221167586073802,)"
