Best individual,Fitness value
"[-0.0005544561192500691, 0.0005423355129835143, 0.00032015233077186886, 0.0009898061420021325, 0.0001946521710047198]","(0.0003415615011963524,)"
"[0.0036933324237113756, -0.0027112378617113425, -0.0011742782553675378, -0.004696012319198153, 0.001045363333044308]","(0.0090294930846202,)"
"[0.001431832960395897, -0.0012614929537461354, 0.0008213968207223549, -0.000792696207823677, -0.0020903210476116854]","(0.0018478090032054695,)"
"[0.0005230039389873616, 0.0009428524842680294, -0.0001907209198206821, -0.0007251625156672542, -0.00026336081328897764]","(0.0003559341007388639,)"
"[0.0005667311335848888, -0.0008160619956863041, 0.0010712561746462818, 0.00020286205657490063, -0.00018646982300326957]","(0.00043857528081936437,)"
