Best individual,Fitness value
"[-0.004780704320865945, -0.0010484234961698393, 0.004026230246314891, -0.0018867834625798836, -0.0044720695360975175]","(0.012641601153374538,)"
"[0.0011387387196198874, 0.00026887969093976165, 0.002079345254979564, -0.007290390367008372, -0.0014659717522520523]","(0.012098393101034333,)"
"[0.004961262715302186, 0.001044665040173632, -0.0024255683368475593, 0.004504674381235879, -0.0008830984019136557]","(0.010446799341961466,)"
"[-0.002536494411975873, -0.001088069198771734, 0.002930275201499516, 1.5838385515224568e-05, 0.002810657159192244]","(0.004781977435484919,)"
"[0.0021704223032518177, -0.006756716133539974, 0.0002817828180893963, -0.003312569478603659, 0.000631627690357052]","(0.0122622436498947,)"
