Best individual,Fitness value
"[0.6522723284642825, 0.43129057003746907, 0.19034366423788257, 0.02634213507239676, 0.0026180825646335516]","(2.0633238215321628,)"
"[0.6066631482185624, 0.3730899201958288, 0.13756195726705728, 0.010294254958010788, 0.0038574427081075075]","(2.2827173788620976,)"
"[0.8430583166133001, 0.7142801981915904, 0.5162361773719792, 0.2696054985155116, 0.06490123553520881]","(0.8856928602157936,)"
"[0.8329053970035215, 0.6927283176419343, 0.4789874755020483, 0.23237197685321515, 0.05035830530022776]","(0.98541220177508,)"
"[-0.9907780051939802, 0.9915168096463637, 0.9870849970952715, 0.9754938682393971, 0.9515882882507988]","(3.9755068857908347,)"
