Best individual,Fitness value
"[0.49870895964225764, 0.24666722762096452, 0.057018645573981126, 0.015899110360188706, -0.007348321504573207]","(2.7001276301822053,)"
"[0.5656293258361732, 0.3237769171770856, 0.10792562234857121, 0.021166448298735468, 0.0016704471939799244]","(2.411509209105458,)"
"[-0.8024478510483973, 0.659689500537919, 0.44467273917632566, 0.20456103830111116, 0.04041363341518669]","(4.344458446567225,)"
"[0.5696976892906037, 0.3260682968335944, 0.10139248180968335, 0.018936267784881184, -0.003183981460277047]","(2.420730295206692,)"
"[0.6171346243665267, 0.37963046018378255, 0.14129309327032347, 0.02501959769681309, -0.0006947579748235548]","(2.2230879266950234,)"
