Best individual,Fitness value
"[0.32547291744388795, 0.09901962257721925, 0.013894320657764199, 0.006821742669048154, 0.0020578766934422187]","(3.2368096913277737,)"
"[0.9746483377510127, 0.9499531502482271, 0.9020216250342409, 0.8133855518659389, 0.6612414374681782]","(0.04760649144658165,)"
"[0.1314339188296306, 0.015627442715804404, 0.010347370206315014, 0.0014437206752158458, 0.007862866351944551]","(3.716759966809054,)"
"[-0.34081247633690037, 0.132102954138105, 0.02927900216897378, 0.009523877887116934, -0.00037862212020092024]","(4.52132799352703,)"
"[0.7885847880731385, 0.6256726353774128, 0.39274256001576613, 0.16200121815667837, 0.025658543638855974]","(1.263480442490164,)"
