Best individual,Fitness value
"[-1.9919401918013837, -2.9859419732140857, -0.0001139571341631868, -0.0006615555808836287, 0.9945366747506077, -2.519368334790976e-09, 0.9958773887231673, 1.1977900364334662e-06, -0.9949032112409443, -7.161917987493299e-05]","(15.920650912549757,)"
"[1.9890359888637326, -0.9964081291359813, -3.759989154223109e-09, 0.9951613342478809, 1.989920414220671, 0.9947706686052787, 0.9949537571544219, -0.9949586440585154, 1.9889747451204707, -0.9929667362670422]","(17.910792386698148,)"
"[-1.9899122347676184, -1.2529822183181153e-09, 2.984855700624093, -1.9899122339130302, -1.9899122366571782, -0.9949586313598364, 2.325267506981178e-09, -2.9848556944109514, -1.9899122304170966, -1.989912234714643]","(38.80331749283774,)"
"[1.989912229615878, 1.18539855025068e-05, -0.9949475292186083, -0.9950511771058054, 2.25797988808575e-05, -0.9948642626201499, 2.914479176442018e-09, 0.00012586801638021794, -0.9947563876263915, -1.98993043222926]","(11.939513546929792,)"
"[2.6217731255981305e-09, 2.9848561954397526, -0.9949585533930098, -0.00025052357800262124, 1.9896921141132036, -0.9949500496002661, 2.538698863131715e-06, 0.9950505872034509, 1.9899028976859203, -0.9949501539644072]","(20.894123619601224,)"
