Best individual,Fitness value
"[0.8700211486164232, 0.7563445127382697, 0.5718256020929176]","(0.07630293410104033,)"
"[0.8829432437894781, 0.7803214941912688, 0.607475103180536]","(0.06221811740856324,)"
"[0.8788361834535063, 0.7695096452666544, 0.5934426159379363]","(0.06878331819437805,)"
"[0.8685902919137384, 0.7534487041576385, 0.5664337351331848]","(0.07831268489943777,)"
"[0.7585767166577818, 0.5742549049869008, 0.3288624190802885]","(0.23976634312260234,)"
