Best individual,Fitness value
"[0.6037155373447789, 0.36801653584164634, 0.1258670157898349]","(0.566857401213807,)"
"[0.8098863165342928, 0.6555338538834717, 0.42610632597629367]","(0.15612394523358544,)"
"[0.6237373536643973, 0.38902025652652233, 0.15331325216885802]","(0.5152605566636375,)"
"[0.9710953213787273, 0.9429641290352686, 0.8892453951557919]","(0.004089365546121658,)"
"[0.7677095792878785, 0.5924550700254883, 0.3495704728262239]","(0.22120376292242747,)"
