Best individual,Fitness value
"[0.5325483832897164, 0.28306220124985887, 0.06880945608883583]","(0.7453429520194887,)"
"[0.9322618658263551, 0.871618031437619, 0.7592390842040676]","(0.021721245908781824,)"
"[0.8147834103323672, 0.6631209489730832, 0.4383684178834524]","(0.14803431405534007,)"
"[0.8827706527691843, 0.7773481114067575, 0.6050043008914995]","(0.06374526674707141,)"
"[0.7936712671687407, 0.634051191819057, 0.3922910803179722]","(0.18766861139931137,)"
