Best individual,Fitness value
"[0.6519159316942289, 0.4238379972945163, 0.18611484018672886, 0.047269722108435205, 0.018744107587182503, 0.004704313562346487, 0.011018251706358862, 0.0121919177786507, 0.012798273087253953, 0.0009529321312166245]","(6.997281393431329,)"
"[0.5706466604497187, 0.3229276979293771, 0.11081137353248527, 0.020297039907886873, 0.009970014576011217, 0.006279421376532507, 0.01975816861716072, 0.0061725155477204835, 0.0023935475473943722, 0.01155201457756368]","(7.385164626694214,)"
"[-0.9386829693899168, 0.883038623295665, 0.7934926105756044, 0.6392227164404765, 0.42076919503466387, 0.18152124093571997, 0.03914205087591985, 0.0031809313820259574, 0.02586625291452341, -0.0014122777458455337]","(7.932849320459223,)"
"[0.4333079016202791, 0.18476875032274803, 0.04186393640333409, 0.012774489832247743, 0.010271191989216286, 0.007823490310195184, 0.00561914263377622, 0.005568147084971178, -0.010352212370919362, 0.006213657230571502]","(7.896703310175317,)"
"[0.5376512553013981, 0.27446061171255887, 0.07220924237719381, 0.012211330726951828, 0.013445844003023961, 0.017724907091702796, 0.01849919418837055, 0.01675908044113769, 0.030372037105440376, -0.0030368843956260147]","(7.612939723547615,)"
