Best individual,Fitness value
"[-0.758761444009338, 0.5841627307276848, 0.3512323195440715, 0.13944140690029155, 0.020570423752811016, 0.006110842045619912, 0.017302741085151736, 0.0063182721050819846, 0.01234004809659326, 0.001150062891359948]","(9.398263416391714,)"
"[0.989247694140345, 0.9801241712178417, 0.976056422579501, 0.9529263763739526, 0.9272587083057414, 0.8761562437801269, 0.8426681003537919, 0.7798005286358771, 0.6125814252796399, 0.39102137936770587]","(1.410414012436878,)"
"[0.8276499871306549, 0.7059906602771303, 0.5098759268834553, 0.2801363702135834, 0.1042056896985268, 0.037348326238863847, 0.005806218023212559, 0.01236657726365474, 0.009855808985432748, -0.0009432659309795977]","(5.808804924919288,)"
"[0.8631139497282814, 0.7447604649879628, 0.5526814282979421, 0.2948891909761529, 0.10712602163672241, 0.02873005750591536, -0.007259816433733177, 0.014534407146745011, -0.0022806455735249268, -0.0021239967048690446]","(5.622618937685979,)"
"[0.3739871470733773, 0.1526481687639786, 0.016882287110812893, 0.010248997845879737, 0.0150703855248062, 0.009533627047625134, 0.014622769198212624, 0.005522081408573841, 0.005824417855741223, -0.007385354654117287]","(8.049714569348657,)"
