Best individual,Fitness value
"[-0.8885648210127252, 0.7945442632704199, 0.6289369349497054, 0.38879645214309605, 0.16066953516358054, 0.038679301173979275, -0.007863793259620153, 0.017758701302130836, 0.009729534563013262, 0.009106914066309028]","(8.800266313162757,)"
"[0.5568878274076879, 0.3099817957945441, 0.10042029063600924, 0.012089000711283666, 0.01312664474456196, 0.02385799685387696, 0.008511765303195022, -0.013206458553148205, 0.01030470265097283, -0.005191679086904204]","(7.4858316740418545,)"
"[-0.7731872911269687, 0.6057858581510338, 0.3747263566137904, 0.1519804669568126, 0.03334658828658419, 0.0013664667922010936, 0.011321220808608423, 0.0084557034066459, 0.013190117374780687, -0.01256510418458276]","(9.365243598291496,)"
"[0.9724815997124692, 1.0021187139581922, 0.9604047705038417, 0.9743038487888208, 0.9815017619482984, 0.9795868373162435, 0.9594818045876583, 0.9104432167384912, 0.8456529259186998, 0.7202939475305925]","(0.9884340765719583,)"
"[0.9944874984733383, 0.997181123410236, 1.0038114549298116, 1.0053446721813246, 0.9713388390142927, 0.9232054334941189, 0.851380534326842, 0.7385154500814539, 0.5427860694601132, 0.2774618211832623]","(0.5675637790094531,)"
