Best individual,Fitness value
"[-0.5776310649727359, -0.5035121451298072, -0.15430717820266035, 0.972137149759388, 0.5340182811377154, -2.5042275585833096, -0.4774917620116582, -0.5526414241968584, -0.3997803247696418, 0.6747044947566414, -1.5121521172885135, -0.40434760053939955, -0.3974241309163259, 0.43302406459558346, 0.2682821831886669, 1.158899944034601, 0.9066210948108375, -1.6674373445350115, 0.8841791137222749, 0.09812112010630955]",127.5000806929325
"[0.32526935050345407, 0.19980710716705197, -2.222934013317475, -1.624738603454571, -0.724422530689254, 1.4077443707479242, -1.521217953642605, -0.6214718464420504, -2.1807005122552727, -0.5301929868624033, -0.6802242756980956, -1.467216201798323, 1.543114361251347, -1.38774448854238, -1.2580265536673756, 1.0547853272870396, -2.5165057618769655, 0.06709264674347015, -0.34683932043998134, 0.4438566160541981]",160.67357718830866
"[-0.26939845538647816, 0.39291415635929106, 0.7397930705012921, 1.505312377198251, -0.340433001407179, 1.0752466291098914, -2.3852904549340264, 1.5961752502090558, 0.5581394929682053, -0.2599489953542451, -1.3217885517494694, 1.201704386715869, 1.262562248423283, -1.5896714717800902, -0.38829632497341854, 0.8875877144085484, 0.6168742991814189, 0.6576492078235392, 0.29209433915569316, 0.07962617100175091]",113.8525954365728
"[-1.3618411570877589, 0.15890806954095033, 0.3867441440502654, 1.6545917206115988, 0.04344097588136453, 0.5950291977168234, -0.2227949845426591, 1.488287307772616, 0.6508581232739807, -0.47480871750436315, -2.0696272906031963, -0.5270218588232469, 0.09888877454015021, 1.3717681604913814, -0.4470529994973043, 0.820029492117017, 1.6203101045177724, 1.2620801586300883, -0.41879836277298543, -0.38464277851163386]",134.73493389349554
"[0.650978935225571, 0.03418535057548394, 0.1508857087944554, -1.6075837848538828, -1.305070268043917, 1.3060587272567066, -0.5710130416517007, -0.5302522973239805, -0.6984729681970325, 0.2759743523100123, 0.5217900427180029, 0.4834016979854394, -0.5363916330295082, -0.32028603971469805, 1.439586631167441, -0.584288034608613, 1.596666487952119, 0.2472203401898484, 2.0880006388844494, 1.5083441089488612]",143.83832451424928
