Best individual,Fitness value
"[0.9949586361086421, -2.9848557001065945, 0.9949586402163146, -1.3938148243199313e-11, 0.9949586395777371]","(11.939478412766876,)"
"[-0.9949586379732154, -0.9949586384492877, 1.6312441627246485e-09, 0.9949586379199158, -0.9949586379304076]","(3.979836228373159,)"
"[0.9949586371101787, -1.6441707306853473e-09, 2.984855699890245, -0.9949586367054071, -1.4895566747051855e-09]","(10.944519355673592,)"
"[-0.9949586374176915, 0.9949586378729873, -0.9949586375354394, 0.9949586368726431, 0.9949586374229883]","(4.974795285466449,)"
"[-2.9848557020243276, 7.841019594054839e-10, 0.9949586375373216, 0.9949586388161618, 0.9949586385560683]","(11.939478412766881,)"
