Best individual,Fitness value
"[0.9949657037022211, -2.6688827918703937e-05, 1.746722120851104e-05, 0.9949409226351046, -1.9899255180556734]","(5.969749613654604,)"
"[-0.9949852161381342, -0.9949103800113246, 5.154126916074055e-06, -3.896613087904548e-05, -1.9899348848922014]","(5.969750314689648,)"
"[-0.01275303697772128, 0.9781630093245437, -0.04779910611442967, -0.8947435490683798, 1.600352362177133e-05]","(4.441831487910807,)"
"[-0.9897423645124479, 0.003360065146452379, -0.9994636881034891, 0.0012519236672312666, 0.9850852772377664]","(3.016157868954261,)"
"[0.0068842325063279445, -0.9994473069421325, 0.9914095743358385, -0.9951564656802687, 1.0004640811831444]","(4.001749832851562,)"
