Best individual,Fitness value
"[-0.8738361586044016, 0.774652069905915, 0.6070669181461633, 0.37305133879055435, 0.13886471308591786]","(4.128669169133348,)"
"[0.6500752732338951, 0.42418878235210933, 0.1840787843733352, 0.04250945531561846, 0.0018551247761846724]","(2.0459290694256946,)"
"[-0.4562347731418369, 0.2328112951034643, 0.17561398537281056, 0.1707217102382709, 0.07986018147002624]","(7.825314509963259,)"
"[0.5845064495591722, 0.34508625338546217, 0.12904320650830092, 0.028253559149250828, 0.0037821744541653873]","(2.3298532737017013,)"
"[-0.5406953771333673, 0.306454181707899, 0.10498822265362832, 0.020927824630551914, 0.00042435938725640253]","(4.656340027366773,)"
