Best individual,Fitness value
"[0.44198581358543443, 0.20342314837479622, 0.04844492195619547, 0.010835281012829373, -0.00020935241065891312]","(2.848539488705123,)"
"[0.15261020320931462, 0.029729094210350943, 0.010730516694685575, 0.009218844353269418, -0.004334726242105213]","(3.643879730936413,)"
"[0.24695170596207816, 0.06780270620998603, 0.013878719749736684, 0.012631370250086196, -0.0020585434095069747]","(3.412632328126933,)"
"[-0.22263970215278572, 0.06823102018639135, 0.01395826205501758, 0.01269950764445835, 0.0012359270155342464]","(4.369317411233789,)"
"[0.5130001360472574, 0.27943885603116597, 0.09391988148883045, 0.023556882863087183, -0.007584173876976079]","(2.610680169192147,)"
