Best individual,Fitness value
"[0.8616500318016883, 0.7483241674075827, 0.564139150441124, 0.31807225220443314, 0.09918400508949757]","(0.743062992212953,)"
"[0.9219891628040805, 0.8528968105774757, 0.7316270721003125, 0.536310437611495, 0.28602339467631727]","(0.31768291692434525,)"
"[0.862364332253725, 0.7502111687858547, 0.5655100652156219, 0.3198503355973994, 0.096705750597352]","(0.7408587749417057,)"
"[0.8855495766278036, 0.7846878062460357, 0.6156755940837095, 0.3787669694000412, 0.14316115221739462]","(0.5931358818060626,)"
"[-0.7557547158980287, 0.58536214634, 0.3532984315243945, 0.1307391037765034, 0.012898214963354412]","(4.465196545557514,)"
