Best individual,Fitness value
"[-1.4158239960834282e-09, 5.303854806776074e-11]","(0.0,)"
"[6.598081496630056e-10, -3.9111575540678897e-10]","(0.0,)"
"[1.5524194263325943e-09, 7.044547009423806e-10]","(0.0,)"
"[1.3206033847770387e-09, 1.2078982528155427e-09]","(0.0,)"
"[1.617358613202728e-09, 1.12748660293905e-09]","(0.0,)"
