Best individual,Fitness value
"[-1.7272404516711688e-10, 1.3431344887626845e-09]","(0.0,)"
"[-7.573740790587431e-10, -6.496201447094848e-10]","(0.0,)"
"[2.7602791032780505e-08, 3.725647837938173e-09]","(1.509903313490213e-13,)"
"[1.0620386938624563e-09, 1.2633281571207932e-09]","(0.0,)"
"[1.338112101537772e-09, 6.20373501047948e-10]","(0.0,)"
