Best individual,Fitness value
"[1.1256520680519541e-09, -7.394858254196897e-10]","(0.0,)"
"[5.334180828865831e-06, 1.6133521222110159e-06]","(6.161339882737593e-09,)"
"[6.125612494856721e-10, -7.10748103866469e-10]","(0.0,)"
"[-9.267021804750143e-10, -1.0533243787908831e-09]","(0.0,)"
"[2.533770790879153e-10, -1.171720175816148e-09]","(0.0,)"
