Best individual,Fitness value
"[0.45196863402762943, 0.5172897222509987, 0.5184310104048326]",3.556193431023308
"[-0.448966460685407, 0.3904639173866785, 1.184210068275545]",2.4240713466712656
"[-0.5328461036285592, 0.4947567178030021, -0.4613357806693335]",1.5033831928566475
"[-1.5478681493720892, -0.579843349633673, -1.5391098356726862]",4.165655168394789
"[-0.4484478403791772, 1.495891344301269, -0.5809233620528984]",2.7893915329247108
