Best individual,Fitness value
"[-0.4596353732323204, -1.0366676896598757, -1.5701427541943613]",7.55513448701621
"[0.44600444513529713, 0.3951005101647598, -0.5459831571821607]",3.095096897746208
"[-1.5919525607094378, -0.9988809700343039, 0.4952375320862896]",6.350607712175057
"[-0.6211385767939639, -0.5035493976338135, -1.6349063817280105]",9.6965040478926
"[-1.517959746721024, 0.6065352933553114, -0.25073936525894364]",3.35893820893612
