Best individual,Fitness value
"[-0.4475546127572957, 0.4097875691712278, -0.5597499797979693]",4.827447350633422
"[1.4702801743193743, -0.4701897336868275, 0.48697276158082936]",2.1470860972670973
"[-0.36010919966867616, 1.488851541276991, -0.5164878741449537]",5.416498527630813
"[-1.4101830024097812, -0.5850488744000079, -0.5954361957420391]",5.534113311658732
"[-0.45923474072446346, -0.18671330641648515, 0.5450411828264154]",2.8577494981332734
