Best individual,Fitness value
"[-0.7255133121804759, -0.26560488251738124, -0.33934437253942756, 0.03134948976252344, -0.9850528757308659, 0.3719354411542075, 0.5907476165244316, 0.10193072218681332, 1.6321080121113998, 0.5291254260321459]",208.49813652379694
"[0.6074436755698298, -0.5019559316405162, -0.5820673740023679, 1.436325169477922, 0.5813386862741436, 1.197835668935733, 0.3132254225462485, -0.15673601401103232, 1.3287631733448992, 3.3086308499497337]",431.50459888296314
"[-0.3401796520821462, 1.7117855511576248, -0.32931142351851833, 1.7332564653018665, 1.5586944017987843, -1.4977201867255128, 0.926160712033432, 0.058614935698090176, 1.9985858168102197, 4.611714480650293]",1671.013182462098
"[1.0146497144316626, -0.12136306194696611, 0.15597668334814402, 1.4841576521739037, -0.9766837642144923, -1.0228321976512484, -0.1113145782522193, -1.0725085072788771, 1.194750855463191, 0.06599442514618731]",609.596494162601
"[1.2081350481563626, -0.4527265417427957, -0.9869989073352532, -0.6717125735033354, 1.722139401873481, 0.4402488993877771, -0.22325124135418106, -0.9069555327429142, -1.2788788257901458, -1.3422317673882538]",968.1633478860124
