Best individual,Fitness value
"[1.5710420916692365, 1.5947363788444138, 1.6269633516644526, 0.3707124319225742, 0.15005402086863395, 0.17326912415651052, 0.9848236281321814, -0.8684497151714672, 0.721576040825749, 1.722520957302602]",234.40041181549879
"[-0.7954523901298216, 1.6380472605175553, -1.328994235789806, -0.4024990956149209, 0.09045916598882053, 0.7000636044255224, 0.9162757658087571, -0.8844632560174314, -1.9546434401996695, -0.766592498000163]",1999.411805802019
"[-1.0334188102552422, 0.4963303771772587, 1.213225185047189, -0.2928076580521531, 1.6048541133666738, 0.06987268156672077, -0.02968701490771164, -0.09203536607941734, 0.830878947190861, 0.9020336144393017]",248.44637174340903
"[-0.28234345195406774, -0.7991896338944346, -0.10530943100147605, 0.4500578515043008, 1.0870665652889528, -0.6019464701754593, 0.8461776476373968, -0.7633835808606827, 1.059231375906964, -1.5042714349304163]",721.138673520622
"[-0.5245863132587211, 1.8329621723955667, -0.2036774917709338, -0.9850083006167005, 1.0288468291053077, 0.5866679291074526, 0.7727119507710971, -0.5209369803962978, -0.8824348471600136, -5.06600769998427]",3253.91256719025
