Best individual,Fitness value
"[-0.9807761602807366, 0.9934245253061094, 1.0283365514908802, -1.0040608009193643, -0.0097199640394722, 0.053751249893892794, 1.9859772955040362, -1.0440087018608941, -0.9932088221519013, -0.9949909293999877, 0.9855682584308589, 0.9912386547282526, 1.005863207936721, -0.9737755573386275, -0.9623172513422192, 0.0020766142092788625, -1.997456906318257, -0.005944154049156936, 0.01649036907395432, -0.012219564777350006]","(21.68682064855485,)"
"[-2.0012226701135356, 0.9963911298077495, 0.009096810272371993, 1.0110775465235036, -0.004138323075799394, 0.9952681508178856, 1.000589273553557, -0.9901151054011539, 1.0204968609289926, -0.04063407705815136, -1.9833591622095683, 0.03002720254796499, -0.018070511323885263, 1.9633549414584726, 0.010788367016765579, 0.03500701210669398, 1.0159551744580453, 1.0112969462034083, 0.967478253327062, -0.01870509080735107]","(22.471681341373788,)"
"[-0.005244870939903713, -0.00164806880475378, -0.9991038849130874, 0.9953659474156868, -0.037963759891919344, 0.012332258950652326, -0.9847645415385569, -0.0003362427277862068, 0.027496619107731726, -0.9891604610016009, 1.005749765019702, -0.9969159856515439, 0.0048508129241671555, -0.01905151071283885, 0.0049721119259220625, -0.0017519332488382666, 0.9973381813869014, -1.0075148863563537, 0.9985844137085413, 2.014716884784154]","(13.698480047039505,)"
"[-1.0060945742025265, -1.0045932869574943, 0.009658942446705843, 0.04209094407385061, 1.0479200679558793, 1.0038614968225599, 0.014224524750385298, -1.008286685011199, -1.0252850704860443, 1.014900668453524, 1.0054433517407313, -1.0563942334187972, 1.9976600605604449, 0.012546566433550843, 0.011717357303803046, -0.03927604835958662, 0.003745073155973083, 2.0201653303474405, -0.026704155087281273, -0.011380241372643873]","(19.720298642170786,)"
"[1.0098418137864056, 0.008580945136853257, 0.01267778225159618, 0.007593197379991001, -0.9904857400842041, -0.025712767643595036, -0.0004883138728144498, -1.989054503002338, -1.94738902234184, 0.9795938041088801, 0.010633444969101, 1.0027802761842244, -0.007977881130547416, -0.04505009740005872, 2.0048085734238494, -0.9629115871703579, -0.9595318752653123, 0.03212239191031384, 0.9743675589821539, -0.005534382552507447]","(20.77661153306849,)"
