Best individual,Fitness value
"[0.9716248706473642, -1.9606672246590953, -0.9963302617448146, -1.996408979607575, 1.018281054601886, 1.0055845022609748, 0.03009747699588773, 0.01871664042885257, -0.01690669020672217, 0.9963721462635671, 0.0015668515992067825, 1.985445365483626, 0.02290995204145218, 1.9922576322237688, 1.0002881408309205, -0.9930594080487805, -2.008812833575507, 0.03232055980124038, 0.01889330394094076, -1.006065487016742]","(29.06765389004873,)"
"[-0.9867690102503824, 1.0106441285322183, 0.9271709005663018, 0.9908386785457076, -0.9960769495710119, 1.9885711257647936, -1.0129510629221232, -1.986888081860605, -1.9349017943564126, 0.011460003551848619, -2.0011929807952877, 0.9882564914752701, 1.0270397960486317, 1.00596525947629, 0.0075073402088212185, -0.021171778938788646, -1.0066575547241594, -0.9179005953380204, 0.9203541200939439, 0.011268736789941045]","(32.140835407401966,)"
"[0.010389844241896207, -0.041787927082286014, 1.0133267341944474, -1.9457628341215887, -0.03839709577092634, -0.02274050786487361, 1.020370786888824, -0.0010570259578476723, -0.034951907096146095, -1.9760524672472792, -0.006350152258846232, -0.9910041076587862, -0.013019130691476644, -0.9875657716090996, 1.9968469462512752, 2.982860171581929, 1.022165046283446, -0.017952728614132624, -0.9834151129462939, -2.978120840468653]","(37.74526615865976,)"
"[-1.9783163506803934, 0.9957010801394504, 2.041116594745283, 0.012886630499832546, 0.9924499012086605, 0.9720662920424518, 0.009632282392026126, 0.013677370107200111, 1.004455982470072, 0.008014597039780011, 1.0110822041456151, 0.018231656192188042, 0.9478437493093174, -0.9973465857914346, 1.0009064574578146, -0.003105831980671308, -0.029485827775389883, 0.9999484734791619, 0.02191185441071314, -1.9760896636719139]","(22.535758347326922,)"
"[0.9890417830096427, -0.9912825832845933, -0.0184247868011259, 0.9833569028904167, -1.973251831274779, -0.019750607613730042, 0.99610201188347, 0.9730251179846375, 0.9840774714146433, 1.964357579466119, -2.019697825532808, -0.9837629225721245, -1.9743896778745378, -0.9720670758474375, -2.9635097628021327, -0.9721211437583489, -0.010951494271142094, 1.0026840823931717, 0.000331858770791324, -0.9661657604920457]","(37.04516009047085,)"
