Best individual,Fitness value
"[0.7758614684304769, 0.6009699969040966, 0.37175370614800907, 0.14406396796384116, 0.024953977921410363, 0.013023689981697124, 0.008414659615398336, 0.010556023624762479, 0.011305082291906528, -0.00010548476254588961]","(6.26359583635033,)"
"[-0.8410842450164625, 0.7235942976645307, 0.5329343961366824, 0.2911684697500003, 0.08788158314446816, 0.0164837766532319, 0.010103839654612643, 0.011082766124318976, 0.009385780966027544, -0.0008823395541280679]","(9.0040501170466,)"
"[0.7346069608951298, 0.5485702117400213, 0.3049461901424297, 0.09966126505956137, 0.008124454062636014, 0.005950985558591526, 0.0030093054589244573, 0.010075971055648503, 0.008244343900282667, -0.0009165756625886903]","(6.532961032728062,)"
"[0.9999203981113616, 0.9998623641132487, 0.9996992162412937, 0.9993969425844419, 0.9987870019057261, 0.9975855300527229, 0.9951710229555779, 0.9904426541115899, 0.9809674207255936, 0.9622893048231927]","(0.0004854240666101822,)"
"[0.8197624922394894, 0.6734608607588699, 0.4636852279487732, 0.22345320959330414, 0.0538064159393232, 0.01100504343571755, 0.008886050596416811, 0.012207286243615301, 0.010475671816150901, -0.0010234079405878765]","(5.899250468344286,)"
