Best individual,Fitness value
"[0.5693639890245772, 0.44576954637745203, 0.3175010911866105, 0.1319447990293382, 0.040036971206067695, -0.011984407139681694, 0.034815665444623875, 0.04374969813314531, 0.050001598349288426, 0.010155756864067401]","(10.000593262514151,)"
"[-0.1771638631959734, 0.07165044580559006, 0.0025731393802485196, -0.02354543180615707, 0.017216608020635477, 0.008897687595718953, 0.010349947355135353, 0.07217267437810267, 0.03501044566323975, 0.04504648009614996]","(10.073809172473409,)"
"[-0.32970472374513826, 0.12147650026737399, 0.05637965724229272, -0.002150456113510067, 0.004577546485636525, 0.025434649945881457, 0.05218056929574676, -0.016466327003058806, 0.03861614054381436, -0.008476122126602351]","(9.949549313455448,)"
"[0.36901287105719827, 0.16105625533399537, 0.043729788390437896, -0.00489435612819358, 0.03641167995115785, 0.037275434968857976, -0.0037357333637955624, 0.02593847198387456, 0.052243343190683314, 0.05420878564711938]","(8.696759805089586,)"
"[0.21328564060932972, 0.04510760327335006, 0.0529293933146617, -0.039456926975176054, 0.034032088291816545, 0.07946249068471435, -0.03188209823209786, 0.005792363766550833, 0.0212892949822357, 0.04982944847032763]","(9.893138798059743,)"
